GUILAGUIJP;libe
GUILAGUIJP;France24_fr
GUILAGUIJP;RFI
GUILAGUIJP;bbcafrique
GUILAGUIJP;RFIAfrique
GUILAGUIJP;jeune_afrique
GUILAGUIJP;EmmanuelMacron
GUILAGUIJP;FRANCE24
LePetitDuc_Web;edwyplenel
LePetitDuc_Web;CNEWS
LePetitDuc_Web;lesinrocks
LePetitDuc_Web;franceinfo
LePetitDuc_Web;jmaphatie
LePetitDuc_Web;Rue89
LePetitDuc_Web;lobs
LePetitDuc_Web;France2tv
LePetitDuc_Web;franceinter
LePetitDuc_Web;Francetele
LePetitDuc_Web;LPJofficiel
LePetitDuc_Web;lofejoma
LePetitDuc_Web;FabSintes
LePetitDuc_Web;le_Parisien
LePetitDuc_Web;canardenchaine
LePetitDuc_Web;Charlie_Hebdo_
LePetitDuc_Web;France24_fr
LePetitDuc_Web;afpfr
LePetitDuc_Web;Le_Figaro
LePetitDuc_Web;libe
LePetitDuc_Web;lemondefr
WinchesterDea20;TPMP
WinchesterDea20;EmmanuelMacron
WinchesterDea20;France2tv
WinchesterDea20;lemonde_pol
WinchesterDea20;lesinrocks
WinchesterDea20;franceinter
WinchesterDea20;ARTEfr
WinchesterDea20;RFI
WinchesterDea20;France24_fr
WinchesterDea20;le_Parisien
WinchesterDea20;LCI
WinchesterDea20;M6
WinchesterDea20;C8TV
WinchesterDea20;NRJ12lachaine
WinchesterDea20;publicsenat
WinchesterDea20;LCP
WinchesterDea20;LaTribune
WinchesterDea20;LesEchos
WinchesterDea20;lobs
WinchesterDea20;MarianneleMag
WinchesterDea20;LEXPRESS
WinchesterDea20;LePoint
WinchesterDea20;Europe1
WinchesterDea20;Anne_Hidalgo
WinchesterDea20;leJDD
WinchesterDea20;LeHuffPost
WinchesterDea20;Mediapart
WinchesterDea20;franceinfo
WinchesterDea20;Le_Figaro
WinchesterDea20;libe
WinchesterDea20;lemondefr
WinchesterDea20;afpfr
WinchesterDea20;BFMTV
WinchesterDea20;puremedias
WinchesterDea20;TF1
WinchesterDea20;gouvernementFR
WinchesterDea20;Francetele
said_tarza;Medi1TV
said_tarza;libe
said_tarza;ThomasWieder
said_tarza;lemondefr
Moustap86528445;beinsports_FR
Moustap86528445;libe
Moustap86528445;Le_Figaro
Moustap86528445;franceinfo
Moustap86528445;TF1
Moustap86528445;jeune_afrique
Moustap86528445;France24_fr
Moustap86528445;montebourg
Moustap86528445;FranceInsoumise
Moustap86528445;benoithamon
Moustap86528445;RNational_off
Moustap86528445;JLMelenchon
Moustap86528445;MarionMarechal
Moustap86528445;MLP_officiel
Moustap86528445;bbcafrique
Moustap86528445;EmmanuelMacron
jeremy_mervil;FRANCE24
jeremy_mervil;libe
jeremy_mervil;afpfr
jeremy_mervil;TV5MONDE
jeremy_mervil;lemondefr
jeremy_mervil;jeune_afrique
jeremy_mervil;RFI
jeremy_mervil;EmmanuelMacron
lahlouwassim1;lequipe
lahlouwassim1;libe
lahlouwassim1;lemondefr
lahlouwassim1;Le_Figaro
lahlouwassim1;le_Parisien
Antoine34033646;olivierveran
Antoine34033646;CCastaner
Antoine34033646;CNEWS
Antoine34033646;Anne_Hidalgo
Antoine34033646;libe
Antoine34033646;fhollande
Antoine34033646;lemondefr
Antoine34033646;franceinfo
Antoine34033646;Mediapart
Antoine34033646;EPhilippe_LH
Antoine34033646;dupontaignan
Antoine34033646;MLP_officiel
Antoine34033646;JLMelenchon
342;le_Parisien
342;BFMTV
342;TPMP
342;TF1
342;canalplus
342;EmmanuelMacron
342;gouvernementFR
ClaraetNoa1;20Minutes
ClaraetNoa1;LCI
ClaraetNoa1;le_Parisien
ClaraetNoa1;libe
ClaraetNoa1;Le_Figaro
ClaraetNoa1;lemondefr
RSantification;najatvb
RSantification;montebourg
RSantification;RoyalSegolene
RSantification;E_DupondM
RSantification;20Minutes
RSantification;CNEWS
RSantification;Mediapart
RSantification;Le_Figaro
RSantification;libe
RSantification;JeanCASTEX
RSantification;RFI
RSantification;le_Parisien
RSantification;lemondefr
RSantification;franceinfo
RSantification;gouvernementFR
RSantification;EmmanuelMacron
KamalEttaamari;le_Parisien
KamalEttaamari;Le_Figaro
KamalEttaamari;libe
KamalEttaamari;franceinter
KamalEttaamari;ARTEfr
KamalEttaamari;lemondefr
ChabrolleRemy;Mediapart
ChabrolleRemy;libe
JohannGruffat;BFMTV
JohannGruffat;libe
JohannGruffat;lemondefr
PabloNavas92;libe
PabloNavas92;afpfr
PabloNavas92;lemondefr
PabloNavas92;Le_Figaro
PabloNavas92;le_Parisien
lolamarie188L;franceinfo
lolamarie188L;libe
lolamarie188L;lobs
lolamarie188L;franceinter
lolamarie188L;TF1
lolamarie188L;EmmanuelMacron
lolamarie188L;CNEWS
YoussfiRaja;Le_Figaro
YoussfiRaja;afpfr
YoussfiRaja;LePoint
YoussfiRaja;libe
YoussfiRaja;LesEchos
YoussfiRaja;franceinfo
YoussfiRaja;RFI
YoussfiRaja;le_Parisien
YoussfiRaja;lemondefr
AzamKarimr47;BFMTV
AzamKarimr47;libe
AzamKarimr47;franceinfo
AzamKarimr47;franceinter
AzamKarimr47;LesEchos
AzamKarimr47;gouvernementFR
AzamKarimr47;beinsports_FR
AzamKarimr47;EmmanuelMacron
KHOUFACHEMezia1;libe
KHOUFACHEMezia1;lemondefr
KHOUFACHEMezia1;le_Parisien
KHOUFACHEMezia1;franceinfo
KHOUFACHEMezia1;EmmanuelMacron
KHOUFACHEMezia1;EPhilippe_LH
KHOUFACHEMezia1;LeHuffPost
KHOUFACHEMezia1;JLMelenchon
KHOUFACHEMezia1;BFMTV
KHOUFACHEMezia1;franceinter
KHOUFACHEMezia1;LePoint
KHOUFACHEMezia1;RTLFrance
KHOUFACHEMezia1;20Minutes
KHOUFACHEMezia1;olivierveran
KHOUFACHEMezia1;GDarmanin
cisseAb83929943;lemondefr
cisseAb83929943;France24_fr
cisseAb83929943;RFIAfrique
cisseAb83929943;EmmanuelMacron
cisseAb83929943;libe
cisseAb83929943;jeune_afrique
cisseAb83929943;BFMTV
cisseAb83929943;RTLFrance
cisseAb83929943;RFI
cisseAb83929943;TF1
cisseAb83929943;Mediavenir
cisseAb83929943;bbcafrique
cisseAb83929943;LCI
cisseAb83929943;CNEWS
Masdoua10;Europe1
Masdoua10;TF1
Masdoua10;RFIAfrique
Masdoua10;franceinfo
Masdoua10;libe
Masdoua10;BFMTV
Masdoua10;France2tv
Masdoua10;LePoint
Masdoua10;France24_fr
Masdoua10;CNEWS
Masdoua10;jeune_afrique
Masdoua10;LEXPRESS
kassarya1;libe
kassarya1;afpfr
kassarya1;Qofficiel
kassarya1;lemondefr
ANWARAB81325098;libe
ANWARAB81325098;EmmanuelMacron
ANWARAB81325098;afpfr
ANWARAB81325098;le_Parisien
ANWARAB81325098;FRANCE24
ANWARAB81325098;CNEWS
ANWARAB81325098;RFIAfrique
ANWARAB81325098;lemondefr
ANWARAB81325098;TV5MONDE
ANWARAB81325098;France24_fr
ANWARAB81325098;jeune_afrique
Mignot4;Le_Figaro
Mignot4;LePoint
Mignot4;libe
RassimAbou;lemondefr
RassimAbou;libe
RassimAbou;franceinfo
RassimAbou;afpfr
RassimAbou;E_DupondM
RassimAbou;alainjuppe
RassimAbou;NicolasSarkozy
RassimAbou;fhollande
RassimAbou;EmmanuelMacron
RassimAbou;GDarmanin
ChichkineE;beinsports_FR
ChichkineE;EmmanuelMacron
ChichkineE;CNEWS
ChichkineE;FRANCE24
ChichkineE;Le_Figaro
ChichkineE;LesEchos
ChichkineE;libe
ChichkineE;Mediapart
ChichkineE;RFI
ChichkineE;franceinfo
ChichkineE;le_Parisien
ChichkineE;lemondefr
yasmincurzi;libe
yasmincurzi;le_Parisien
yasmincurzi;edgarmorinparis
FRE09591627;libe
FRE09591627;franceinter
FRE09591627;EmmanuelMacron
FRE09591627;publicsenat
FRE09591627;Mediapart
FRE09591627;FranceInsoumise
FRE09591627;benoithamon
FRE09591627;brutofficiel
FRE09591627;afpfr
FRE09591627;FRANCE24
FRE09591627;lemondefr
Milie19871;FranceInsoumise
Milie19871;edwyplenel
Milie19871;afpfr
Milie19871;JLMelenchon
Milie19871;libe
Milie19871;Le_Figaro
Milie19871;BFMTV
Milie19871;Mediavenir
Milie19871;lemondefr
Milie19871;LEXPRESS
Milie19871;CNEWS
Milie19871;lesinrocks
Milie19871;franceinter
Milie19871;France24_fr
Milie19871;LePoint
Milie19871;lobs
Milie19871;Mediapart
Milie19871;gouvernementFR
Milie19871;franceinfo
Milie19871;le_Parisien
Milie19871;RTLFrance
bsjsjdn10;le_Parisien
bsjsjdn10;afpfr
bsjsjdn10;libe
bsjsjdn10;Le_Figaro
bsjsjdn10;lemondefr
palauge;lobs
palauge;libe
palauge;franceinter
palauge;LeHuffPost
palauge;Mediapart
palauge;EmmanuelMacron
palauge;LePoint
palauge;lemondefr
Vidya4bihar;CNEWS
Vidya4bihar;BFMTV
Vidya4bihar;libe
Vidya4bihar;lemondefr
Vidya4bihar;afpfr
PierriMaeva1;libe
PierriMaeva1;afpfr
PierriMaeva1;LCP
PierriMaeva1;lemondefr
PierriMaeva1;le_Parisien
PierriMaeva1;publicsenat
PierriMaeva1;BFMTV
PierriMaeva1;Mediavenir
PierriMaeva1;EmmanuelMacron
KoneMoh61055012;France24_fr
KoneMoh61055012;Le_Figaro
KoneMoh61055012;libe
KoneMoh61055012;afpfr
KoneMoh61055012;RFI
KoneMoh61055012;bbcafrique
KoneMoh61055012;jeune_afrique
KoneMoh61055012;RFIAfrique
KoneMoh61055012;lemondefr
KoneMoh61055012;lequipe
KoneMoh61055012;beinsports_FR
KoneMoh61055012;CanalFootClub
KoneMoh61055012;TF1
KoneMoh61055012;M6
KoneMoh61055012;canalplus
Laplume75;Anne_Hidalgo
Laplume75;Mediapart
Laplume75;LePoint
Laplume75;lobs
Laplume75;Le_Figaro
Laplume75;EPhilippe_LH
Laplume75;EmmanuelMacron
Laplume75;ParisMatch
Laplume75;LesEchos
Laplume75;CNEWS
Laplume75;LCI
Laplume75;gouvernementFR
Laplume75;OuestFrance
Laplume75;MarianneleMag
Laplume75;canalplus
Laplume75;LEXPRESS
Laplume75;France2tv
Laplume75;RTLFrance
Laplume75;leJDD
Laplume75;libe
Laplume75;LeHuffPost
Laplume75;franceinfo
Laplume75;afpfr
Laplume75;M6
Laplume75;vpecresse
Laplume75;Charlie_Hebdo_
Laplume75;canardenchaine
Laplume75;E_DupondM
Laplume75;Qofficiel
Laplume75;BFMTV
Laplume75;20Minutes
Laplume75;le_Parisien
Laplume75;ARTEfr
Laplume75;Rue89
Laplume75;lemondefr
EllenBll1;libe
LHOMMELIBRE18;EmmanuelMacron
LHOMMELIBRE18;France24_fr
LHOMMELIBRE18;RFI
LHOMMELIBRE18;beinsports_FR
LHOMMELIBRE18;le_Parisien
LHOMMELIBRE18;libe
LHOMMELIBRE18;afpfr
LHOMMELIBRE18;FRANCE24
LHOMMELIBRE18;lequipe
LHOMMELIBRE18;RoyalSegolene
Issa49830469;afpfr
Issa49830469;franceinfo
Issa49830469;LesEchos
Issa49830469;LePoint
Issa49830469;LEXPRESS
Issa49830469;lobs
Issa49830469;franceinter
Issa49830469;RTLFrance
Issa49830469;Europe1
Issa49830469;CNEWS
Issa49830469;BFMTV
Issa49830469;le_Parisien
Issa49830469;Le_Figaro
Issa49830469;libe
Issa49830469;lemondefr
Issa49830469;France24_fr
Issa49830469;bbcafrique
Issa49830469;jeune_afrique
Issa49830469;RFIAfrique
Issa49830469;RFI
Issa49830469;TV5MONDE
Issa49830469;FRANCE24
nab_chat;LCI
nab_chat;Le_Figaro
nab_chat;libe
nab_chat;Mediapart
nab_chat;lobs
nab_chat;LEXPRESS
nab_chat;LCP
nab_chat;LaTribune
nab_chat;LePoint
nab_chat;LesEchos
nab_chat;lemondefr
nab_chat;le_Parisien
nab_chat;BFMTV
nab_chat;CNEWS
nab_chat;EmmanuelMacron
nab_chat;MLP_officiel
nab_chat;dupontaignan
nab_chat;f_philippot
GaetanAzevedo;brutofficiel
GaetanAzevedo;libe
GaetanAzevedo;lemondefr
GaetanAzevedo;Mediapart
GaetanAzevedo;Qofficiel
GaetanAzevedo;CanalFootClub
GaetanAzevedo;Mediavenir
jsuawo;libe
jsuawo;lemondefr
PounguiUlrich;franceinfo
PounguiUlrich;libe
PounguiUlrich;le_Parisien
PounguiUlrich;jeune_afrique
PounguiUlrich;NicolasSarkozy
PounguiUlrich;France24_fr
PounguiUlrich;RFI
PounguiUlrich;beinsports_FR
PounguiUlrich;olivierveran
PounguiUlrich;BFMTV
PounguiUlrich;EPhilippe_LH
PounguiUlrich;MLP_officiel
PounguiUlrich;bbcafrique
PounguiUlrich;EmmanuelMacron
PounguiUlrich;RFIAfrique
Enzo_31850;le_Parisien
Enzo_31850;libe
Enzo_31850;franceinter
Enzo_31850;franceinfo
Enzo_31850;CNEWS
Enzo_31850;BFMTV
Enzo_31850;EmmanuelMacron
KalfaOnogo;lobs
KalfaOnogo;libe
KalfaOnogo;Le_Figaro
KalfaOnogo;le_Parisien
KalfaOnogo;Mediapart
KalfaOnogo;beinsports_FR
KalfaOnogo;franceinfo
KalfaOnogo;afpfr
KalfaOnogo;BFMTV
KalfaOnogo;lemondefr
KalfaOnogo;France24_fr
KalfaOnogo;RFI
KalfaOnogo;EmmanuelMacron
sarapechou;Mediapart
sarapechou;le_Parisien
sarapechou;libe
sarapechou;lemondefr
sarapechou;Le_Figaro
JDalbas;Europe1
JDalbas;libe
JDalbas;JeanCASTEX
JDalbas;lemondefr
JDalbas;le_Parisien
JDalbas;RTLFrance
JDalbas;Le_Figaro
JDalbas;franceinfo
JDalbas;franceinter
JDalbas;LCP
JDalbas;CNEWS
JDalbas;Mediapart
JDalbas;LCI
JDalbas;LePoint
JDalbas;EmmanuelMacron
JDalbas;France24_fr
JDalbas;TF1
KilianCartron1;CanalFootClub
KilianCartron1;le_Parisien
KilianCartron1;Le_Figaro
KilianCartron1;libe
KilianCartron1;lemondefr
OuvryDiane;LeHuffPost
OuvryDiane;canardenchaine
OuvryDiane;LCP
OuvryDiane;franceinter
OuvryDiane;libe
OuvryDiane;LesEchos
OuvryDiane;leJDD
OuvryDiane;afpfr
OuvryDiane;lobs
OuvryDiane;lemondefr
OuvryDiane;Le_Figaro
OuvryDiane;LEXPRESS
OuvryDiane;MarianneleMag
OuvryDiane;LePoint
OuvryDiane;ECiotti
OuvryDiane;Valeurs
OuvryDiane;le_Parisien
OuvryDiane;CNEWS
OuvryDiane;Europe1
OuvryDiane;franceinfo
OuvryDiane;RTLFrance
OuvryDiane;RMCinfo
OuvryDiane;JeanCASTEX
OuvryDiane;MarionMarechal
OuvryDiane;puremedias
OuvryDiane;EmmanuelMacron
OuvryDiane;JLMelenchon
OuvryDiane;E_DupondM
OuvryDiane;JeudyBruno
OuvryDiane;GDarmanin
daviddi15411910;libe
daviddi15411910;canardenchaine
daviddi15411910;lemondefr
daviddi15411910;ARTEfr
daviddi15411910;Mediapart
daviddi15411910;franceinter
AlexisAlain14;libe
AmarantaPotot;CNEWS
AmarantaPotot;Madamefigaro
AmarantaPotot;RTLFrance
AmarantaPotot;libe
AmarantaPotot;lemondefr
AmarantaPotot;Anne_Hidalgo
AmarantaPotot;VogueParis
BABOUDRAME13;RFI
BABOUDRAME13;CNEWS
BABOUDRAME13;Eurosport_FR
BABOUDRAME13;libe
BABOUDRAME13;France24_fr
BABOUDRAME13;franceinfo
BABOUDRAME13;le_Parisien
BABOUDRAME13;bbcafrique
BABOUDRAME13;afpfr
BABOUDRAME13;lobs
dokka_fr;libe
dokka_fr;Mediavenir
dokka_fr;BFMTV
dokka_fr;EmmanuelMacron
Gonevas;Anne_Hidalgo
Gonevas;le_Parisien
Gonevas;RTLFrance
Gonevas;LCI
Gonevas;libe
Gonevas;franceinter
Gonevas;franceinfo
Gonevas;CNEWS
Gonevas;BFMTV
Gonevas;afpfr
Gonevas;France24_fr
Gonevas;RFI
Gonevas;TF1
Gonevas;bbcafrique
Gonevas;FRANCE24
Gonevas;RFIAfrique
Gonevas;lemondefr
Gonevas;jeune_afrique
Gonevas;EmmanuelMacron
bret_onne;lobs
bret_onne;lemondefr
bret_onne;libe
bret_onne;le_Parisien
bret_onne;CNEWS
bret_onne;franceinfo
bret_onne;Mediapart
bret_onne;lesinrocks
bret_onne;canardenchaine
bret_onne;Charlie_Hebdo_
bret_onne;OuestFrance
bret_onne;RoyalSegolene
KaouetteA;libe
KaouetteA;Mediapart
KaouetteA;GDarmanin
chakibbouzid;lemondefr
chakibbouzid;RMCinfo
chakibbouzid;LaTribune
chakibbouzid;LCI
chakibbouzid;LesEchos
chakibbouzid;20Minutes
chakibbouzid;RTLFrance
chakibbouzid;Europe1
chakibbouzid;LePoint
chakibbouzid;LEXPRESS
chakibbouzid;lobs
chakibbouzid;libe
chakibbouzid;afpfr
chakibbouzid;le_Parisien
chakibbouzid;Le_Figaro
chakibbouzid;Mediapart
chakibbouzid;franceinter
chakibbouzid;franceinfo
chakibbouzid;CNEWS
chakibbouzid;BFMTV
chakibbouzid;C8TV
chakibbouzid;France2tv
chakibbouzid;TF1
chakibbouzid;M6
chakibbouzid;EmmanuelMacron
chakibbouzid;Medi1TV
OccilienB;le_Parisien
OccilienB;RTLFrance
OccilienB;LCI
OccilienB;TF1
OccilienB;LePoint
OccilienB;afpfr
OccilienB;France24_fr
OccilienB;EmmanuelMacron
OccilienB;CNEWS
OccilienB;lemondefr
OccilienB;RFI
OccilienB;Europe1
OccilienB;BFMTV
OccilienB;libe
OccilienB;franceinter
AnnabellePreira;libe
AnnabellePreira;gouvernementFR
AnnabellePreira;lemondefr
AnnabellePreira;EmmanuelMacron
VaNessa78996373;canalplus
VaNessa78996373;M6
VaNessa78996373;brutofficiel
VaNessa78996373;TF1
VaNessa78996373;France2tv
VaNessa78996373;ARTEfr
VaNessa78996373;BFMTV
VaNessa78996373;C8TV
VaNessa78996373;TPMP
VaNessa78996373;gouvernementFR
VaNessa78996373;Mediapart
VaNessa78996373;CNEWS
VaNessa78996373;libe
VaNessa78996373;20Minutes
VaNessa78996373;le_Parisien
VaNessa78996373;EmmanuelMacron
VaNessa78996373;lemondefr
Frncois_Trankil;libe
Frncois_Trankil;Le_Figaro
Frncois_Trankil;lequipe
Frncois_Trankil;JLMelenchon
Frncois_Trankil;GDarmanin
Frncois_Trankil;canardenchaine
Frncois_Trankil;Charlie_Hebdo_
Frncois_Trankil;afpfr
Frncois_Trankil;lemondefr
Frncois_Trankil;franceinfo
Frncois_Trankil;EmmanuelMacron
murielartmuse1;lemondefr
murielartmuse1;CNEWS
murielartmuse1;E_DupondM
murielartmuse1;libe
murielartmuse1;GDarmanin
murielartmuse1;BrunoLeMaire
murielartmuse1;BFMTV
murielartmuse1;EPhilippe_LH
murielartmuse1;publicsenat
murielartmuse1;gouvernementFR
murielartmuse1;enmarchefr
murielartmuse1;olivierveran
murielartmuse1;CCastaner
murielartmuse1;jmblanquer
murielartmuse1;JeanCASTEX
murielartmuse1;EmmanuelMacron
SykorovaMarie1;lofejoma
SykorovaMarie1;FRANCE24
SykorovaMarie1;askolovitchC
SykorovaMarie1;FredericSays
SykorovaMarie1;BFMTV
SykorovaMarie1;franceinfo
SykorovaMarie1;MarianneleMag
SykorovaMarie1;franceinter
SykorovaMarie1;libe
SykorovaMarie1;M6
SykorovaMarie1;RFI
SykorovaMarie1;RFIAfrique
SykorovaMarie1;JeanCASTEX
SykorovaMarie1;GDarmanin
SykorovaMarie1;AgnesRunacher
SykorovaMarie1;Europe1
SykorovaMarie1;EPhilippe_LH
SykorovaMarie1;20Minutes
SykorovaMarie1;Francetele
SykorovaMarie1;jmblanquer
SykorovaMarie1;RTLFrance
SykorovaMarie1;FranceInsoumise
SykorovaMarie1;Charlie_Hebdo_
SykorovaMarie1;CCastaner
SykorovaMarie1;JLMelenchon
SykorovaMarie1;lemonde_pol
SykorovaMarie1;Le_Figaro
SykorovaMarie1;afpfr
SykorovaMarie1;olivierveran
SykorovaMarie1;MarleneSchiappa
SykorovaMarie1;LeHuffPost
SykorovaMarie1;BrunoLeMaire
SykorovaMarie1;lemondefr
SykorovaMarie1;E_DupondM
SykorovaMarie1;LEXPRESS
SykorovaMarie1;gouvernementFR
SykorovaMarie1;leJDD
SykorovaMarie1;publicsenat
SykorovaMarie1;lobs
SykorovaMarie1;CNEWS
SykorovaMarie1;TF1
SykorovaMarie1;LePoint
SykorovaMarie1;France24_fr
SykorovaMarie1;EmmanuelMacron
SykorovaMarie1;France2tv
SykorovaMarie1;ARTEfr
SykorovaMarie1;Mediapart
SykorovaMarie1;le_Parisien
BesanJules;libe
BesanJules;edgarmorinparis
BesanJules;francoisedegois
BesanJules;Mediavenir
BesanJules;edwyplenel
BesanJules;najatvb
BesanJules;ChTaubira
BesanJules;askolovitchC
BesanJules;JeanCASTEX
BesanJules;EmmanuelMacron
BesanJules;benoithamon
BesanJules;EPhilippe_LH
JLecousy;libe
JLecousy;RFI
JLecousy;edwyplenel
JLecousy;JLMelenchon
JLecousy;franceinfo
JLecousy;EmmanuelMacron
BoudaTassadit;lobs
BoudaTassadit;Francetele
BoudaTassadit;CNEWS
BoudaTassadit;LesEchos
BoudaTassadit;afpfr
BoudaTassadit;BFMTV
BoudaTassadit;franceinter
BoudaTassadit;libe
BoudaTassadit;lemondefr
BoudaTassadit;franceinfo
BoudaTassadit;France2tv
BoudaTassadit;GDarmanin
BoudaTassadit;FRANCE24
mailhot_jp;lemondefr
mailhot_jp;libe
mailhot_jp;Le_Figaro
mailhot_jp;EmmanuelMacron
notablerepublic;lesinrocks
notablerepublic;FRANCE24
notablerepublic;TV5MONDE
notablerepublic;libe
notablerepublic;leJDD
notablerepublic;LeHuffPost
notablerepublic;puremedias
notablerepublic;lobs
notablerepublic;RenaudDely
notablerepublic;bayrou
notablerepublic;CCastaner
notablerepublic;BGriveaux
notablerepublic;lofejoma
notablerepublic;FabSintes
notablerepublic;guybirenbaum
notablerepublic;edwyplenel
notablerepublic;canardenchaine
notablerepublic;marineturchi
notablerepublic;LaurentMauduit
notablerepublic;fabricearfi
notablerepublic;samuellaurent
notablerepublic;LesEchos
notablerepublic;LePoint
notablerepublic;lemonde_pol
notablerepublic;lemondefr
notablerepublic;JeudyBruno
notablerepublic;nicodomenach
notablerepublic;DarmonMichael
notablerepublic;C_Barbier
notablerepublic;jmaphatie
notablerepublic;Bekouz
notablerepublic;TF1
notablerepublic;20Minutes
notablerepublic;afpfr
notablerepublic;RTLFrance
notablerepublic;franceinfo
notablerepublic;Europe1
notablerepublic;franceinter
notablerepublic;CNEWS
notablerepublic;BFMTV
notablerepublic;le_Parisien
notablerepublic;Le_Figaro
notablerepublic;LEXPRESS
notablerepublic;Rue89
notablerepublic;Mediapart
notablerepublic;Qofficiel
notablerepublic;manuelvalls
notablerepublic;alainjuppe
notablerepublic;EmmanuelMacron
notablerepublic;FrancoisFillon
noahlandale1;LEXPRESS
noahlandale1;JeanCASTEX
noahlandale1;franceinfo
noahlandale1;MarianneleMag
noahlandale1;Le_Figaro
noahlandale1;CNEWS
noahlandale1;Valeurs
noahlandale1;LesEchos
noahlandale1;lemondefr
noahlandale1;le_Parisien
noahlandale1;olivierveran
noahlandale1;RFI
noahlandale1;lobs
noahlandale1;BrunoLeMaire
noahlandale1;LePoint
noahlandale1;libe
anabardaji;libe
anabardaji;afpfr
anabardaji;franceinfo
surreylangsoc;partisocialiste
surreylangsoc;libe
surreylangsoc;France24_fr
surreylangsoc;TV5MONDE
surreylangsoc;EmmanuelMacron
AlainPata2;LaTribune
AlainPata2;LesEchos
AlainPata2;LePoint
AlainPata2;LEXPRESS
AlainPata2;lobs
AlainPata2;Mediapart
AlainPata2;afpfr
AlainPata2;franceinfo
AlainPata2;CNEWS
AlainPata2;BFMTV
AlainPata2;le_Parisien
AlainPata2;Le_Figaro
AlainPata2;libe
AlainPata2;lemondefr
AlainPata2;FRANCE24
AlainPata2;TV5MONDE
AlainPata2;RFI
AlainPata2;France24_fr
AlainPata2;jeune_afrique
AlainPata2;bbcafrique
AlainPata2;RFIAfrique
AlainPata2;EmmanuelMacron
Haitem06200;jeune_afrique
Haitem06200;France24_fr
Haitem06200;CNEWS
Haitem06200;BFMTV
Haitem06200;le_Parisien
Haitem06200;LePoint
Haitem06200;LEXPRESS
Haitem06200;lobs
Haitem06200;franceinter
Haitem06200;franceinfo
Haitem06200;Mediapart
Haitem06200;libe
Haitem06200;Le_Figaro
Haitem06200;lemondefr
Haitem06200;Mediavenir
BourdaudGuenole;afpfr
BourdaudGuenole;franceinter
PresseLabonne;LePoint
PresseLabonne;OuestFrance
PresseLabonne;BFMTV
PresseLabonne;beinsports_FR
PresseLabonne;libe
PresseLabonne;le_Parisien
PresseLabonne;lemondefr
Couleur13705359;EmmanuelMacron
Couleur13705359;JLMelenchon
Couleur13705359;Mediavenir
Couleur13705359;JeanCASTEX
Couleur13705359;LCP
Couleur13705359;dupontaignan
Couleur13705359;Francetele
Couleur13705359;LePoint
Couleur13705359;MLP_officiel
Couleur13705359;BFMTV
Couleur13705359;Anne_Hidalgo
Couleur13705359;ARTEfr
Couleur13705359;RTLFrance
Couleur13705359;20Minutes
Couleur13705359;le_Parisien
Couleur13705359;BrunoLeMaire
Couleur13705359;EPhilippe_LH
Couleur13705359;publicsenat
Couleur13705359;Mediapart
Couleur13705359;France2tv
Couleur13705359;RMCinfo
Couleur13705359;libe
Couleur13705359;olivierveran
Couleur13705359;TPMP
Couleur13705359;CNEWS
Couleur13705359;leJDD
Couleur13705359;M6
Couleur13705359;jmblanquer
Couleur13705359;LEXPRESS
Couleur13705359;MarleneSchiappa
Couleur13705359;C8TV
Couleur13705359;lemondefr
Couleur13705359;LCI
Couleur13705359;gouvernementFR
Couleur13705359;OuestFrance
Couleur13705359;E_DupondM
Couleur13705359;TF1
Couleur13705359;franceinter
Couleur13705359;Europe1
Couleur13705359;RFI
Couleur13705359;GDarmanin
PhilippeGros10;jmblanquer
PhilippeGros10;20Minutes
PhilippeGros10;franceinter
PhilippeGros10;leJDD
PhilippeGros10;franceinfo
PhilippeGros10;LEXPRESS
PhilippeGros10;afpfr
PhilippeGros10;LeHuffPost
PhilippeGros10;EmmanuelMacron
PhilippeGros10;vpecresse
PhilippeGros10;publicsenat
PhilippeGros10;lemondefr
PhilippeGros10;LesEchos
PhilippeGros10;France2tv
PhilippeGros10;lobs
PhilippeGros10;JeanCASTEX
PhilippeGros10;TF1
PhilippeGros10;M6
PhilippeGros10;Europe1
PhilippeGros10;OuestFrance
PhilippeGros10;olivierveran
PhilippeGros10;LCI
PhilippeGros10;libe
PhilippeGros10;GDarmanin
PhilippeGros10;E_DupondM
PhilippeGros10;Le_Figaro
PhilippeGros10;LCP
PhilippeGros10;LePoint
PhilippeGros10;BFMTV
PhilippeGros10;France24_fr
PhilippeGros10;le_Parisien
PhilippeGros10;lequipe
PhilippeGros10;MarleneSchiappa
PhilippeGros10;RFI
PhilippeGros10;AgnesRunacher
PhilippeGros10;CNEWS
PhilippeGros10;Mediapart
PhilippeGros10;BrunoLeMaire
PhilippeGros10;NicolasSarkozy
PhilippeGros10;gouvernementFR
PhilippeGros10;RTLFrance
JulliaPhilippe;France24_fr
JulliaPhilippe;gouvernementFR
JulliaPhilippe;FRANCE24
JulliaPhilippe;franceinfo
JulliaPhilippe;franceinter
JulliaPhilippe;libe
JulliaPhilippe;LaTribune
JulliaPhilippe;ARTEfr
JulliaPhilippe;LesEchos
JulliaPhilippe;Mediapart
JulliaPhilippe;lemondefr
JulliaPhilippe;Europe1
JulliaPhilippe;Eurosport_FR
JulliaPhilippe;le_Parisien
JulliaPhilippe;RTLFrance
JulliaPhilippe;afpfr
JulliaPhilippe;lobs
JulliaPhilippe;LePoint
JulliaPhilippe;France2tv
oouplll;Mediapart
oouplll;afpfr
oouplll;franceinfo
oouplll;franceinter
oouplll;lobs
oouplll;LEXPRESS
oouplll;CNEWS
oouplll;BFMTV
oouplll;le_Parisien
oouplll;Le_Figaro
oouplll;lemondefr
oouplll;libe
oouplll;LePoint
oouplll;leJDD
oouplll;LCP
oouplll;publicsenat
oouplll;EmmanuelMacron
RoyerCharles2;Mediavenir
RoyerCharles2;libe
RoyerCharles2;lemondefr
Adelnas14089482;libe
Adelnas14089482;lemondefr
Adelnas14089482;gouvernementFR
Adelnas14089482;EmmanuelMacron
Adelnas14089482;beinsports_FR
Adelnas14089482;lequipe
csdurlot;RTLFrance
csdurlot;franceinfo
csdurlot;lemondefr
csdurlot;OuestFrance
csdurlot;le_Parisien
csdurlot;gouvernementFR
csdurlot;afpfr
csdurlot;EmmanuelMacron
csdurlot;libe
csdurlot;canardenchaine
csdurlot;franceinter
CGauthierPerso;LePoint
CGauthierPerso;20Minutes
CGauthierPerso;lemondefr
CGauthierPerso;libe
CGauthierPerso;Mediapart
CGauthierPerso;LesEchos
CGauthierPerso;LEXPRESS
CGauthierPerso;le_Parisien
CGauthierPerso;Le_Figaro
CGauthierPerso;canardenchaine
Tensva;Anne_Hidalgo
Tensva;libe
Tensva;gouvernementFR
Tensva;EmmanuelMacron
Tensva;ARTEfr
Tensva;afpfr
Tensva;lemondefr
Tensva;franceinfo
GKaroff;OuestFrance
GKaroff;Europe1
GKaroff;LePoint
GKaroff;TF1
GKaroff;Mediapart
GKaroff;MarianneleMag
GKaroff;franceinter
GKaroff;France2tv
GKaroff;le_Parisien
GKaroff;lemondefr
GKaroff;libe
GKaroff;franceinfo
Raniabnl;libe
Raniabnl;lemondefr
Raniabnl;Mediapart
Raniabnl;JLMelenchon
Raniabnl;TSAlgerie
Raniabnl;JeanCASTEX
Raniabnl;GDarmanin
Noisett19981876;franceinfo
Noisett19981876;Le_Figaro
Noisett19981876;libe
Noisett19981876;Mediavenir
Noisett19981876;lemondefr
gdani_houda;FranceInsoumise
gdani_houda;olivierveran
gdani_houda;RTLFrance
gdani_houda;LCI
gdani_houda;EPhilippe_LH
gdani_houda;Europe1
gdani_houda;jmblanquer
gdani_houda;MLP_officiel
gdani_houda;CNEWS
gdani_houda;BFMTV
gdani_houda;France24_fr
gdani_houda;BrunoLeMaire
gdani_houda;CCastaner
gdani_houda;Mediapart
gdani_houda;lesRepublicains
gdani_houda;LesEchos
gdani_houda;MarleneSchiappa
gdani_houda;LCP
gdani_houda;E_DupondM
gdani_houda;TF1
gdani_houda;afpfr
gdani_houda;France2tv
gdani_houda;LePoint
gdani_houda;vpecresse
gdani_houda;libe
gdani_houda;laurentwauquiez
gdani_houda;Le_Figaro
gdani_houda;gouvernementFR
gdani_houda;publicsenat
gdani_houda;GDarmanin
gdani_houda;JLMelenchon
gdani_houda;EmmanuelMacron
gdani_houda;franceinter
gdani_houda;xavierbertrand
gdani_houda;le_Parisien
AlainPettiti;libe
AlainPettiti;MarianneleMag
AlainPettiti;Mediapart
AlainPettiti;edwyplenel
AlainPettiti;Charlie_Hebdo_
AlainPettiti;canardenchaine
Robin_ACF;enmarchefr
Robin_ACF;Le_Figaro
Robin_ACF;libe
Robin_ACF;JeanCASTEX
Robin_ACF;gouvernementFR
Robin_ACF;Lagarde
Robin_ACF;jmblanquer
Robin_ACF;BrunoLeMaire
Robin_ACF;EPhilippe_LH
Robin_ACF;GDarmanin
Robin_ACF;MichelBarnier
Robin_ACF;lemondefr
Robin_ACF;EmmanuelMacron
RUIZBruno7;canalplus
RUIZBruno7;franceinfo
RUIZBruno7;fhollande
RUIZBruno7;EmmanuelMacron
RUIZBruno7;lobs
RUIZBruno7;libe
RUIZBruno7;lemondefr
RUIZBruno7;Mediapart
RUIZBruno7;EPhilippe_LH
RUIZBruno7;LePoint
RUIZBruno7;E_DupondM
RUIZBruno7;JeanCASTEX
RUIZBruno7;franceinter
RUIZBruno7;ARTEfr
Klarzoff;libe
Klarzoff;Mediavenir
Klarzoff;lemondefr
Elias25207421;libe
Elias25207421;afpfr
Elias25207421;jeune_afrique
Elias25207421;Le_Figaro
Elias25207421;lemondefr
Elias25207421;EmmanuelMacron
SloumaZarga;RFIAfrique
SloumaZarga;bbcafrique
SloumaZarga;canalplus
SloumaZarga;France2tv
SloumaZarga;TF1
SloumaZarga;CNEWS
SloumaZarga;libe
SloumaZarga;FRANCE24
SloumaZarga;lequipe
SloumaZarga;jeune_afrique
SloumaZarga;RFI
SloumaZarga;beinsports_FR
SloumaZarga;lemondefr
verydreamyy;BFMTV
verydreamyy;franceinter
verydreamyy;franceinfo
verydreamyy;Mediapart
verydreamyy;libe
verydreamyy;Le_Figaro
verydreamyy;lemondefr
Claudel80117744;libe
Claudel80117744;lemondefr
Claudel80117744;beinsports_FR
Claudel80117744;France24_fr
Claudel80117744;RFI
Claudel80117744;EmmanuelMacron
httpalice1;libe
httpalice1;lemondefr
httpalice1;franceinfo
httpalice1;Qofficiel
httpalice1;franceinter
Kone65973537;MLP_officiel
Kone65973537;Europe1
Kone65973537;EmmanuelMacron
Kone65973537;canalplus
Kone65973537;Mediapart
Kone65973537;le_Parisien
Kone65973537;afpfr
Kone65973537;Le_Figaro
Kone65973537;libe
Kone65973537;RFIAfrique
Kone65973537;bbcafrique
Kone65973537;CanalFootClub
Kone65973537;beinsports_FR
Kone65973537;Eurosport_FR
Kone65973537;France24_fr
Kone65973537;lequipe
Kone65973537;TF1
Kone65973537;lemondefr
Kone65973537;jeune_afrique
Kone65973537;RFI
Mah4514;libe
Mah4514;JLMelenchon
Mah4514;lemondefr
Mah4514;BFMTV
Mah4514;lesRepublicains
Mah4514;E_DupondM
Mah4514;olivierveran
Mah4514;MarleneSchiappa
Mah4514;GDarmanin
Mah4514;JeanCASTEX
Mah4514;EPhilippe_LH
Mah4514;gouvernementFR
Mah4514;Mediapart
Mah4514;edwyplenel
Mah4514;Mediavenir
Mah4514;EmmanuelMacron
Mah4514;BrunoLeMaire
SaidChino3;Medi1TV
SaidChino3;libe
SaidChino3;lemondefr
ZeklkSv7OG5x6n2;LCI
ZeklkSv7OG5x6n2;franceinfo
ZeklkSv7OG5x6n2;RTLFrance
ZeklkSv7OG5x6n2;franceinter
ZeklkSv7OG5x6n2;France2tv
ZeklkSv7OG5x6n2;BFMTV
ZeklkSv7OG5x6n2;TF1
ZeklkSv7OG5x6n2;libe
ZeklkSv7OG5x6n2;TV5MONDE
ZeklkSv7OG5x6n2;Le_Figaro
ZeklkSv7OG5x6n2;Valeurs
ZeklkSv7OG5x6n2;RFIAfrique
ZeklkSv7OG5x6n2;CNEWS
ZeklkSv7OG5x6n2;afpfr
ZeklkSv7OG5x6n2;jeune_afrique
ZeklkSv7OG5x6n2;FRANCE24
ZeklkSv7OG5x6n2;RFI
ZeklkSv7OG5x6n2;France24_fr
ZeklkSv7OG5x6n2;lemondefr
wonny_tpm;libe
DeaZroh;libe
DeaZroh;RFI
DeaZroh;bbcafrique
DeaZroh;TV5MONDE
DeaZroh;FRANCE24
DeaZroh;RFIAfrique
DeaZroh;jeune_afrique
NdiayeAliass;RFI
NdiayeAliass;libe
NdiayeAliass;EmmanuelMacron
NdiayeAliass;lemondefr
NdiayeAliass;France24_fr
NdiayeAliass;RFIAfrique
NdiayeAliass;bbcafrique
AbbeyPeter7;BFMTV
AbbeyPeter7;franceinfo
AbbeyPeter7;libe
AbbeyPeter7;lemondefr
AbbeyPeter7;afpfr
AbbeyPeter7;TV5MONDE
AbbeyPeter7;FRANCE24
AbbeyPeter7;bbcafrique
AbbeyPeter7;RFI
AbbeyPeter7;RFIAfrique
AbbeyPeter7;France24_fr
AbbeyPeter7;jeune_afrique
Jacky34242609;libe
Jacky34242609;Mediapart
Jacky34242609;EmmanuelMacron
Jacky34242609;BFMTV
Abay13479023;France2tv
Abay13479023;lemonde_pol
Abay13479023;libe
Abay13479023;MarianneleMag
Abay13479023;canardenchaine
ShiliJalel2;lobs
ShiliJalel2;canardenchaine
ShiliJalel2;France2tv
ShiliJalel2;MarianneleMag
ShiliJalel2;LCP
ShiliJalel2;20Minutes
ShiliJalel2;Le_Figaro
ShiliJalel2;LePoint
ShiliJalel2;Europe1
ShiliJalel2;franceinter
ShiliJalel2;franceinfo
ShiliJalel2;libe
ShiliJalel2;CNEWS
ShiliJalel2;BFMTV
ShiliJalel2;RFIAfrique
ShiliJalel2;lemondefr
ShiliJalel2;jeune_afrique
ShiliJalel2;RFI
ShiliJalel2;bbcafrique
ShiliJalel2;EmmanuelMacron
ShiliJalel2;France24_fr
ShiliJalel2;FRANCE24
SheldonCote;MarianneleMag
SheldonCote;canardenchaine
SheldonCote;afpfr
SheldonCote;libe
SheldonCote;LesEchos
SheldonCote;lobs
SheldonCote;LeHuffPost
SheldonCote;lemondefr
Yahyahoussem2;CanalFootClub
Yahyahoussem2;beinsports_FR
Yahyahoussem2;LaTribune
Yahyahoussem2;LesEchos
Yahyahoussem2;leJDD
Yahyahoussem2;lobs
Yahyahoussem2;ARTEfr
Yahyahoussem2;RFIAfrique
Yahyahoussem2;RMCinfo
Yahyahoussem2;Europe1
Yahyahoussem2;Charlie_Hebdo_
Yahyahoussem2;franceinter
Yahyahoussem2;Valeurs
Yahyahoussem2;MarianneleMag
Yahyahoussem2;LePoint
Yahyahoussem2;publicsenat
Yahyahoussem2;LCP
Yahyahoussem2;20Minutes
Yahyahoussem2;bbcafrique
Yahyahoussem2;TPMP
Yahyahoussem2;libe
Yahyahoussem2;RFI
Yahyahoussem2;FRANCE24
Yahyahoussem2;LeHuffPost
Yahyahoussem2;Le_Figaro
Yahyahoussem2;jeune_afrique
Yahyahoussem2;RTLFrance
Yahyahoussem2;franceinfo
Yahyahoussem2;afpfr
Yahyahoussem2;France24_fr
Yahyahoussem2;le_Parisien
Yahyahoussem2;BFMTV
Yahyahoussem2;lemondefr
mouminidiallo61;RFI
mouminidiallo61;GuillaumeDaret
mouminidiallo61;puremedias
mouminidiallo61;20Minutes
mouminidiallo61;LeHuffPost
mouminidiallo61;LCP
mouminidiallo61;OuestFrance
mouminidiallo61;leJDD
mouminidiallo61;Europe1
mouminidiallo61;LesEchos
mouminidiallo61;RTLFrance
mouminidiallo61;BFMTV
mouminidiallo61;jeune_afrique
mouminidiallo61;France24_fr
mouminidiallo61;le_Parisien
mouminidiallo61;libe
mouminidiallo61;franceinter
mouminidiallo61;franceinfo
mouminidiallo61;afpfr
mouminidiallo61;LCI
mouminidiallo61;CNEWS
mouminidiallo61;EmmanuelMacron
mouminidiallo61;lemondefr
mouminidiallo61;Anne_Hidalgo
485C;libe
485C;CecileDuflot
485C;franceinfo
485C;ARTEfr
485C;afpfr
485C;Mediapart
485C;lemonde_pol
485C;benoithamon
Dona100Y;franceinter
Dona100Y;libe
Dona100Y;franceinfo
Dona100Y;MarleneSchiappa
Dona100Y;FRANCE24
Dona100Y;BFMTV
Dona100Y;afpfr
Dona100Y;le_Parisien
Dona100Y;LePoint
Dona100Y;lemondefr
Dona100Y;EmmanuelMacron
Dona100Y;Le_Figaro
Dona100Y;Madamefigaro
Julie_bdcha;LesEchos
Julie_bdcha;libe
Julie_bdcha;LeHuffPost
Julie_bdcha;ChTaubira
Julie_bdcha;Qofficiel
Julie_bdcha;benoithamon
Julie_bdcha;afpfr
Julie_bdcha;lemondefr
Aissatoudaland3;RFI
Aissatoudaland3;lemondefr
Aissatoudaland3;libe
Aissatoudaland3;France24_fr
Aissatoudaland3;EmmanuelMacron
Aissatoudaland3;MLP_officiel
Aissatoudaland3;beinsports_FR
Aissatoudaland3;JLMelenchon
Aissatoudaland3;CNEWS
Aissatoudaland3;BFMTV
Aissatoudaland3;le_Parisien
Aissatoudaland3;franceinfo
DTpanik;libe
DTpanik;LeHuffPost
DTpanik;fabricearfi
DTpanik;FranceInsoumise
DTpanik;afpfr
DTpanik;benoithamon
DTpanik;Anne_Hidalgo
DTpanik;ChTaubira
DTpanik;Mediapart
DTpanik;publicsenat
DTpanik;jmblanquer
DTpanik;edwyplenel
DTpanik;CCastaner
DTpanik;JeanCASTEX
DTpanik;lesinrocks
DTpanik;LePoint
DTpanik;EmmanuelMacron
DTpanik;fhollande
DTpanik;franceinfo
DTpanik;olivierveran
DTpanik;E_DupondM
DTpanik;lemondefr
DTpanik;MarleneSchiappa
DTpanik;LesEchos
DTpanik;LEXPRESS
DTpanik;JLMelenchon
DTpanik;gouvernementFR
DTpanik;BrunoLeMaire
DTpanik;MLP_officiel
DTpanik;canardenchaine
DTpanik;GDarmanin
DTpanik;LCP
DTpanik;EPhilippe_LH
abasse47086390;France2tv
abasse47086390;RTLFrance
abasse47086390;Europe1
abasse47086390;CNEWS
abasse47086390;franceinfo
abasse47086390;le_Parisien
abasse47086390;Le_Figaro
abasse47086390;libe
abasse47086390;afpfr
abasse47086390;Mediapart
abasse47086390;lequipe
abasse47086390;beinsports_FR
abasse47086390;lemondefr
abasse47086390;TPMP
abasse47086390;BFMTV
abasse47086390;TSAlgerie
Papayeknky;libe
Papayeknky;edwyplenel
Papayeknky;Mediapart
LDentel;libe
LDentel;franceinfo
LDentel;montebourg
WaaBee11;Mediapart
WaaBee11;LCI
WaaBee11;France2tv
WaaBee11;NRJ12lachaine
WaaBee11;lemondefr
WaaBee11;libe
WaaBee11;afpfr
WaaBee11;RTLFrance
WaaBee11;le_Parisien
WaaBee11;franceinfo
WaaBee11;BFMTV
WaaBee11;C8TV
WaaBee11;brutofficiel
WaaBee11;MLP_officiel
WaaBee11;najatvb
WaaBee11;FranceInsoumise
WaaBee11;TPMP
WaaBee11;EmmanuelMacron
WaaBee11;vpecresse
WaaBee11;JLMelenchon
WaaBee11;LeHuffPost
WaaBee11;E_DupondM
WaaBee11;CNEWS
GrospeaudM;libe
GrospeaudM;edwyplenel
GrospeaudM;Mediapart
GrospeaudM;Charlie_Hebdo_
GrospeaudM;franceinfo
GrospeaudM;ARTEfr
GrospeaudM;gouvernementFR
GrospeaudM;lemondefr
GrospeaudM;fhollande
GrospeaudM;BFMTV
GrospeaudM;olivierveran
GrospeaudM;JLMelenchon
GrospeaudM;E_DupondM
GrospeaudM;Qofficiel
GrospeaudM;jmblanquer
GrospeaudM;GDarmanin
GrospeaudM;JeanCASTEX
GrospeaudM;leJDD
GrospeaudM;lobs
GrospeaudM;EmmanuelMacron
bra3055;TSAlgerie
bra3055;GDarmanin
bra3055;bbcafrique
bra3055;RFIAfrique
bra3055;jeune_afrique
bra3055;TV5MONDE
bra3055;FRANCE24
bra3055;CNEWS
bra3055;BFMTV
bra3055;le_Parisien
bra3055;Le_Figaro
bra3055;libe
bra3055;afpfr
bra3055;franceinfo
bra3055;LCP
bra3055;publicsenat
bra3055;ECiotti
bra3055;cestrosi
bra3055;benoithamon
bra3055;xavierbertrand
bra3055;montebourg
bra3055;partisocialiste
bra3055;lesRepublicains
bra3055;jpraffarin
bra3055;jf_cope
bra3055;FrancoisFillon
bra3055;laurentwauquiez
bra3055;alainjuppe
bra3055;vpecresse
bra3055;gouvernementFR
bra3055;Anne_Hidalgo
bra3055;fhollande
bra3055;NicolasSarkozy
bra3055;JLMelenchon
bra3055;leJDD
bra3055;E_DupondM
bra3055;lemondefr
bra3055;RFI
bra3055;ruthelkrief
bra3055;France24_fr
bra3055;EmmanuelMacron
MMehome;franceinter
MMehome;Europe1
MMehome;RTLFrance
MMehome;LePoint
MMehome;leJDD
MMehome;le_Parisien
MMehome;LeHuffPost
MMehome;Mediapart
MMehome;libe
MMehome;lemondefr
MMehome;afpfr
MMehome;franceinfo
MMehome;CNEWS
MMehome;BFMTV
MMehome;Mediavenir
MMehome;EPhilippe_LH
MMehome;FranceInsoumise
MMehome;EmmanuelMacron
yvongirard1783;Le_Figaro
yvongirard1783;libe
yvongirard1783;lemondefr
ReaganKashimba;afpfr
ReaganKashimba;TPMP
ReaganKashimba;jeune_afrique
ReaganKashimba;20Minutes
ReaganKashimba;FRANCE24
ReaganKashimba;RTLFrance
ReaganKashimba;Le_Figaro
ReaganKashimba;NicolasSarkozy
ReaganKashimba;beinsports_FR
ReaganKashimba;bbcafrique
ReaganKashimba;LCI
ReaganKashimba;franceinfo
ReaganKashimba;libe
ReaganKashimba;lequipe
ReaganKashimba;BFMTV
ReaganKashimba;RFI
ReaganKashimba;lemondefr
NaveBernard;le_Parisien
NaveBernard;Le_Figaro
NaveBernard;askolovitchC
NaveBernard;MarianneleMag
NaveBernard;ARTEfr
NaveBernard;libe
NaveBernard;lobs
NaveBernard;dupontaignan
NaveBernard;publicsenat
NaveBernard;franceinfo
NaveBernard;EmmanuelMacron
NaveBernard;LePoint
NaveBernard;gouvernementFR
NaveBernard;E_DupondM
NaveBernard;LEXPRESS
NaveBernard;franceinter
NaveBernard;Mediapart
NaveBernard;canardenchaine
chris_anna_;libe
chris_anna_;MarionMarechal
chris_anna_;lemondefr
LetendardPierre;afpfr
LetendardPierre;NicolasSarkozy
LetendardPierre;EmmanuelMacron
LetendardPierre;lobs
LetendardPierre;beinsports_FR
LetendardPierre;CNEWS
LetendardPierre;RTLFrance
LetendardPierre;CanalFootClub
LetendardPierre;le_Parisien
LetendardPierre;CCastaner
LetendardPierre;olivierveran
LetendardPierre;GDarmanin
LetendardPierre;France24_fr
LetendardPierre;leJDD
LetendardPierre;BFMTV
LetendardPierre;LesEchos
LetendardPierre;Mediavenir
LetendardPierre;C8TV
LetendardPierre;gouvernementFR
LetendardPierre;lemondefr
LetendardPierre;TPMP
LetendardPierre;Mediapart
LetendardPierre;franceinter
LetendardPierre;TF1
LetendardPierre;LCI
LetendardPierre;M6
LetendardPierre;Le_Figaro
LetendardPierre;20Minutes
LetendardPierre;OuestFrance
LetendardPierre;canalplus
LetendardPierre;lequipe
LetendardPierre;JeanCASTEX
LetendardPierre;E_DupondM
LetendardPierre;RMCinfo
LetendardPierre;libe
simonot_annick;libe
simonot_annick;lemondefr
simonot_annick;Mediapart
Gladiat474;EmmanuelMacron
Gladiat474;CNEWS
Gladiat474;BFMTV
Gladiat474;le_Parisien
Gladiat474;Le_Figaro
Gladiat474;lemondefr
Gladiat474;libe
PPicol;gouvernementFR
PPicol;humanite_fr
PPicol;jmblanquer
PPicol;edwyplenel
PPicol;afpfr
PPicol;lemondefr
PPicol;libe
PPicol;Mediapart
PPicol;canardenchaine
jorgembneto;TF1
jorgembneto;Charlie_Hebdo_
jorgembneto;LesEchos
jorgembneto;France2tv
jorgembneto;20Minutes
jorgembneto;LePoint
jorgembneto;LEXPRESS
jorgembneto;lobs
jorgembneto;franceinter
jorgembneto;RTLFrance
jorgembneto;Europe1
jorgembneto;franceinfo
jorgembneto;CNEWS
jorgembneto;BFMTV
jorgembneto;RFIAfrique
jorgembneto;France24_fr
jorgembneto;TV5MONDE
jorgembneto;FRANCE24
jorgembneto;afpfr
jorgembneto;le_Parisien
jorgembneto;Mediapart
jorgembneto;Le_Figaro
jorgembneto;libe
jorgembneto;lemondefr
jorgembneto;RFI
jorgembneto;jeune_afrique
jorgembneto;bbcafrique
jorgembneto;BrunoLeMaire
MustafaDuman_;brutofficiel
MustafaDuman_;LCI
MustafaDuman_;RTLFrance
MustafaDuman_;FrancoisFillon
MustafaDuman_;RMCinfo
MustafaDuman_;Europe1
MustafaDuman_;France24_fr
MustafaDuman_;Francetele
MustafaDuman_;LesEchos
MustafaDuman_;LCP
MustafaDuman_;LaurentMauduit
MustafaDuman_;ThomasWieder
MustafaDuman_;renaudpila
MustafaDuman_;EmmanuelMacron
MustafaDuman_;montebourg
MustafaDuman_;PhilippeCorbe
MustafaDuman_;guybirenbaum
MustafaDuman_;jmblanquer
MustafaDuman_;Le_Figaro
MustafaDuman_;vpecresse
MustafaDuman_;Charlie_Hebdo_
MustafaDuman_;lemondefr
MustafaDuman_;Mediapart
MustafaDuman_;edwyplenel
MustafaDuman_;francoisedegois
MustafaDuman_;humanite_fr
MustafaDuman_;marineturchi
MustafaDuman_;canardenchaine
MustafaDuman_;Qofficiel
MustafaDuman_;alainjuppe
MustafaDuman_;lequipe
MustafaDuman_;nadine__morano
MustafaDuman_;EPhilippe_LH
MustafaDuman_;MichelBarnier
MustafaDuman_;MLP_officiel
MustafaDuman_;xavierbertrand
MustafaDuman_;olivierveran
MustafaDuman_;dupontaignan
MustafaDuman_;askolovitchC
MustafaDuman_;laurentwauquiez
MustafaDuman_;MarleneSchiappa
MustafaDuman_;franceinter
MustafaDuman_;enmarchefr
MustafaDuman_;GDarmanin
MustafaDuman_;JeanCASTEX
MustafaDuman_;CNEWS
MustafaDuman_;najatvb
MustafaDuman_;FranceInsoumise
MustafaDuman_;edgarmorinparis
MustafaDuman_;fabricearfi
MustafaDuman_;canalplus
MustafaDuman_;gouvernementFR
MustafaDuman_;Anne_Hidalgo
MustafaDuman_;France2tv
MustafaDuman_;franceinfo
MustafaDuman_;ParisMatch
MustafaDuman_;Rue89
MustafaDuman_;libe
MustafaDuman_;ARTEfr
MustafaDuman_;RenaudDely
MustafaDuman_;jmaphatie
MustafaDuman_;leJDD
MustafaDuman_;PaulLarrouturou
MustafaDuman_;Bekouz
MustafaDuman_;E_DupondM
MustafaDuman_;JLMelenchon
MustafaDuman_;afpfr
MustafaDuman_;partisocialiste
David26108263;libe
David26108263;cestrosi
David26108263;ECiotti
David26108263;Charlie_Hebdo_
David26108263;lobs
David26108263;BrunoLeMaire
David26108263;EmmanuelMacron
David26108263;JeanCASTEX
David26108263;canardenchaine
DenisReclus;libe
DenisReclus;BFMTV
DenisReclus;EmmanuelMacron
DenisReclus;fabricearfi
DenisReclus;EPhilippe_LH
DenisReclus;franceinfo
DenisReclus;edwyplenel
DenisReclus;Europe1
DenisReclus;RMCinfo
DenisReclus;GDarmanin
DenisReclus;BrunoLeMaire
DenisReclus;apollineWakeUp
Toussai44363422;libe
Toussai44363422;Mediapart
Toussai44363422;Le_Figaro
Toussai44363422;franceinter
Toussai44363422;franceinfo
Toussai44363422;lemondefr
Toussai44363422;TV5MONDE
FrancescoSbagl2;lequipe
FrancescoSbagl2;CNEWS
FrancescoSbagl2;BFMTV
FrancescoSbagl2;LeHuffPost
FrancescoSbagl2;Mediapart
FrancescoSbagl2;franceinfo
FrancescoSbagl2;libe
FrancescoSbagl2;afpfr
FrancescoSbagl2;EmmanuelMacron
KamenGeorgiev2;FrancoisFillon
KamenGeorgiev2;RoyalSegolene
KamenGeorgiev2;fhollande
KamenGeorgiev2;JLMelenchon
KamenGeorgiev2;libe
KamenGeorgiev2;BrunoLeMaire
KamenGeorgiev2;le_Parisien
KamenGeorgiev2;Anne_Hidalgo
KamenGeorgiev2;E_DupondM
KamenGeorgiev2;canardenchaine
KamenGeorgiev2;lemondefr
KamenGeorgiev2;MarianneleMag
KamenGeorgiev2;TPMP
KamenGeorgiev2;RTLFrance
KamenGeorgiev2;CNEWS
KamenGeorgiev2;NicolasSarkozy
KamenGeorgiev2;MLP_officiel
KamenGeorgiev2;jmblanquer
KamenGeorgiev2;EmmanuelMacron
quentindls;lemondefr
quentindls;LEXPRESS
quentindls;libe
quentindls;lobs
HLbennani;lobs
HLbennani;canardenchaine
HLbennani;Rue89
HLbennani;LeHuffPost
HLbennani;LesEchos
HLbennani;lesinrocks
HLbennani;lemondefr
HLbennani;libe
HLbennani;edwyplenel
HLbennani;Mediapart
HLbennani;gouvernementFR
Med34390843;Le_Figaro
Med34390843;afpfr
Med34390843;libe
Med34390843;lemondefr
Med34390843;France24_fr
Med34390843;EmmanuelMacron
Med34390843;FRANCE24
DuretFlo;FRANCE24
DuretFlo;CanalFootClub
DuretFlo;France2tv
DuretFlo;Mediapart
DuretFlo;EmmanuelMacron
DuretFlo;libe
DuretFlo;jeune_afrique
DuretFlo;TV5MONDE
DuretFlo;Le_Figaro
DuretFlo;RTLFrance
DuretFlo;Europe1
DuretFlo;franceinter
DuretFlo;RFIAfrique
DuretFlo;France24_fr
DuretFlo;BFMTV
DuretFlo;beinsports_FR
DuretFlo;Mediavenir
DuretFlo;le_Parisien
DuretFlo;CNEWS
DuretFlo;MLP_officiel
DuretFlo;franceinfo
DuretFlo;lemondefr
alicelemoine_;franceinter
alicelemoine_;franceinfo
alicelemoine_;afpfr
alicelemoine_;humanite_fr
alicelemoine_;ARTEfr
alicelemoine_;lemondefr
alicelemoine_;libe
alicelemoine_;Mediapart
alicelemoine_;lesinrocks
DELHAYEFRANCK1;Valeurs
DELHAYEFRANCK1;dupontaignan
DELHAYEFRANCK1;FranceInsoumise
DELHAYEFRANCK1;MarionMarechal
DELHAYEFRANCK1;JLMelenchon
DELHAYEFRANCK1;cestrosi
DELHAYEFRANCK1;ECiotti
DELHAYEFRANCK1;MLP_officiel
DELHAYEFRANCK1;RNational_off
DELHAYEFRANCK1;Le_Figaro
DELHAYEFRANCK1;afpfr
DELHAYEFRANCK1;Mediapart
DELHAYEFRANCK1;libe
DELHAYEFRANCK1;CNEWS
DELHAYEFRANCK1;GDarmanin
DELHAYEFRANCK1;BFMTV
DELHAYEFRANCK1;gouvernementFR
DELHAYEFRANCK1;lemondefr
DELHAYEFRANCK1;EmmanuelMacron
Mouhame73898060;BFMTV
Mouhame73898060;le_Parisien
Mouhame73898060;libe
Mouhame73898060;Le_Figaro
Mouhame73898060;RFIAfrique
Mouhame73898060;lemondefr
Mouhame73898060;RFI
Mouhame73898060;CanalFootClub
Mouhame73898060;EmmanuelMacron
GarbiAlberto;le_Parisien
GarbiAlberto;Le_Figaro
GarbiAlberto;libe
GarbiAlberto;lemondefr
KitungwaH;TF1
KitungwaH;libe
KitungwaH;FRANCE24
KitungwaH;RFI
KitungwaH;jeune_afrique
KitungwaH;RFIAfrique
KitungwaH;lemondefr
KitungwaH;le_Parisien
KitungwaH;bbcafrique
KitungwaH;France24_fr
FouzariAdam;beinsports_FR
FouzariAdam;libe
FouzariAdam;TPMP
FouzariAdam;RFIAfrique
FouzariAdam;jeune_afrique
FouzariAdam;TV5MONDE
FouzariAdam;bbcafrique
FouzariAdam;franceinfo
FouzariAdam;nadine__morano
FouzariAdam;NicolasSarkozy
FouzariAdam;lemondefr
FouzariAdam;afpfr
FouzariAdam;gouvernementFR
FouzariAdam;fhollande
FouzariAdam;MLP_officiel
FouzariAdam;RFI
FouzariAdam;France24_fr
FouzariAdam;EmmanuelMacron
Sab87196243;franceinfo
Sab87196243;France24_fr
Sab87196243;franceinter
Sab87196243;LePoint
Sab87196243;Mediapart
Sab87196243;France2tv
Sab87196243;Le_Figaro
Sab87196243;libe
Sab87196243;RTLFrance
Sab87196243;afpfr
Sab87196243;lemondefr
Sab87196243;le_Parisien
Sab87196243;CNEWS
Sab87196243;BFMTV
Sab87196243;olivierveran
Sab87196243;Mediavenir
DoloArdjouma;LaTribune
DoloArdjouma;lobs
DoloArdjouma;LesEchos
DoloArdjouma;E_DupondM
DoloArdjouma;RMCinfo
DoloArdjouma;RTLFrance
DoloArdjouma;Mediavenir
DoloArdjouma;le_Parisien
DoloArdjouma;Anne_Hidalgo
DoloArdjouma;afpfr
DoloArdjouma;RFIAfrique
DoloArdjouma;franceinfo
DoloArdjouma;France2tv
DoloArdjouma;EmmanuelMacron
DoloArdjouma;CanalFootClub
DoloArdjouma;C8TV
DoloArdjouma;Le_Figaro
DoloArdjouma;LEXPRESS
DoloArdjouma;LCP
DoloArdjouma;CNEWS
DoloArdjouma;20Minutes
DoloArdjouma;France24_fr
DoloArdjouma;jeune_afrique
DoloArdjouma;RFI
DoloArdjouma;lemondefr
DoloArdjouma;LCI
DoloArdjouma;M6
DoloArdjouma;Mediapart
DoloArdjouma;franceinter
DoloArdjouma;beinsports_FR
DoloArdjouma;bbcafrique
DoloArdjouma;TV5MONDE
DoloArdjouma;Europe1
DoloArdjouma;canalplus
DoloArdjouma;TF1
DoloArdjouma;lequipe
DoloArdjouma;LePoint
DoloArdjouma;BFMTV
DoloArdjouma;libe
PhilomeneLnx;brutofficiel
PhilomeneLnx;lobs
PhilomeneLnx;franceinter
PhilomeneLnx;franceinfo
PhilomeneLnx;Charlie_Hebdo_
PhilomeneLnx;EmmanuelMacron
PhilomeneLnx;publicsenat
PhilomeneLnx;LCP
PhilomeneLnx;CNEWS
PhilomeneLnx;Mediapart
PhilomeneLnx;lemondefr
PhilomeneLnx;LCI
PhilomeneLnx;canardenchaine
PhilomeneLnx;JeanCASTEX
PhilomeneLnx;LesEchos
PhilomeneLnx;ARTEfr
PhilomeneLnx;LeHuffPost
PhilomeneLnx;gouvernementFR
PhilomeneLnx;MarleneSchiappa
PhilomeneLnx;afpfr
PhilomeneLnx;libe
PhilomeneLnx;RTLFrance
PhilomeneLnx;BFMTV
PhilomeneLnx;MarianneleMag
PhilomeneLnx;olivierveran
PaulOMa11120699;RTLFrance
PaulOMa11120699;lequipe
PaulOMa11120699;Mediapart
PaulOMa11120699;libe
PaulOMa11120699;brutofficiel
PaulOMa11120699;Qofficiel
PaulOMa11120699;franceinfo
PaulOMa11120699;franceinter
PaulOMa11120699;le_Parisien
PaulOMa11120699;ARTEfr
Loic_MJ;libe
Loic_MJ;Mediavenir
Loic_MJ;le_Parisien
Loic_MJ;lemondefr
LemoineEdwin;leJDD
LemoineEdwin;franceinter
LemoineEdwin;cestrosi
LemoineEdwin;Le_Figaro
LemoineEdwin;Mediapart
LemoineEdwin;libe
LemoineEdwin;Europe1
LemoineEdwin;BFMTV
LemoineEdwin;CNEWS
LemoineEdwin;LCI
LemoineEdwin;le_Parisien
LemoineEdwin;lemondefr
LemoineEdwin;franceinfo
LemoineEdwin;MarleneSchiappa
LemoineEdwin;BGriveaux
LemoineEdwin;jmblanquer
LemoineEdwin;BrunoLeMaire
LemoineEdwin;Anne_Hidalgo
LemoineEdwin;GDarmanin
LemoineEdwin;EPhilippe_LH
LemoineEdwin;JeanCASTEX
LemoineEdwin;olivierveran
LemoineEdwin;E_DupondM
LemoineEdwin;CCastaner
LemoineEdwin;gouvernementFR
LemoineEdwin;EmmanuelMacron
audrey_lages;BFMTV
audrey_lages;le_Parisien
audrey_lages;afpfr
audrey_lages;Le_Figaro
audrey_lages;lemondefr
audrey_lages;libe
audrey_lages;Mediapart
audrey_lages;publicsenat
audrey_lages;leJDD
audrey_lages;LePoint
audrey_lages;GDarmanin
audrey_lages;LeHuffPost
audrey_lages;FranceInsoumise
audrey_lages;EPhilippe_LH
audrey_lages;CCastaner
audrey_lages;lemonde_pol
audrey_lages;jmblanquer
audrey_lages;ARTEfr
audrey_lages;BGriveaux
audrey_lages;Rue89
audrey_lages;MarleneSchiappa
audrey_lages;LCP
audrey_lages;EmmanuelMacron
audrey_lages;Charlie_Hebdo_
audrey_lages;brutofficiel
audrey_lages;JLMelenchon
audrey_lages;MLP_officiel
AymenBourouba3;beinsports_FR
AymenBourouba3;libe
AymenBourouba3;canalplus
AymenBourouba3;France24_fr
TygeBrahe;EmmanuelMacron
TygeBrahe;franceinter
TygeBrahe;lobs
TygeBrahe;LEXPRESS
TygeBrahe;RFIAfrique
TygeBrahe;Le_Figaro
TygeBrahe;jeune_afrique
TygeBrahe;libe
TygeBrahe;TV5MONDE
TygeBrahe;afpfr
TygeBrahe;franceinfo
TygeBrahe;FRANCE24
TygeBrahe;M6
TygeBrahe;TF1
TygeBrahe;CNEWS
TygeBrahe;BFMTV
TygeBrahe;France24_fr
TygeBrahe;lemondefr
TygeBrahe;le_Parisien
TygeBrahe;RFI
NargisseEl;LCI
NargisseEl;libe
NargisseEl;le_Parisien
NargisseEl;lemondefr
NargisseEl;EmmanuelMacron
NargisseEl;TF1
NargisseEl;gouvernementFR
NargisseEl;fhollande
CeUmOs7UHzAJM6E;France24_fr
CeUmOs7UHzAJM6E;lemondefr
CeUmOs7UHzAJM6E;Medi1TV
CeUmOs7UHzAJM6E;LEXPRESS
CeUmOs7UHzAJM6E;libe
CeUmOs7UHzAJM6E;le_Parisien
TDrevet;LEXPRESS
TDrevet;MarianneleMag
TDrevet;Le_Figaro
TDrevet;leJDD
TDrevet;nadine__morano
TDrevet;brutofficiel
TDrevet;RoyalSegolene
TDrevet;MarionMarechal
TDrevet;f_philippot
TDrevet;jmblanquer
TDrevet;dupontaignan
TDrevet;gouvernementFR
TDrevet;E_DupondM
TDrevet;PhilippeCorbe
TDrevet;JeanCASTEX
TDrevet;fabricearfi
TDrevet;askolovitchC
TDrevet;Anne_Hidalgo
TDrevet;edwyplenel
TDrevet;samuellaurent
TDrevet;olivierveran
TDrevet;MLP_officiel
TDrevet;NicolasSarkozy
TDrevet;EmmanuelMacron
TDrevet;enmarchefr
TDrevet;manuelvalls
TDrevet;ChTaubira
TDrevet;LaurentFabius
TDrevet;afpfr
TDrevet;LesEchos
TDrevet;LePoint
TDrevet;franceinter
TDrevet;franceinfo
TDrevet;Europe1
TDrevet;libe
TDrevet;CecileDuflot
TDrevet;nk_m
TDrevet;bayrou
TDrevet;JLMelenchon
TDrevet;fhollande
TDrevet;lemondefr
OYacine1983;Mediapart
OYacine1983;lemondefr
OYacine1983;CanalFootClub
OYacine1983;BFMTV
OYacine1983;CNEWS
OYacine1983;Le_Figaro
OYacine1983;EmmanuelMacron
LaguerieSarah;Valeurs
LaguerieSarah;Le_Figaro
LaguerieSarah;BFMTV
LaguerieSarah;CNEWS
ChrisJousse;BrunoLeMaire
ChrisJousse;MarianneleMag
ChrisJousse;EPhilippe_LH
ChrisJousse;LEXPRESS
ChrisJousse;lemondefr
ChrisJousse;BFMTV
ChrisJousse;GDarmanin
ChrisJousse;gouvernementFR
ChrisJousse;Valeurs
ChrisJousse;CNEWS
ChrisJousse;Europe1
ChrisJousse;LesEchos
ChrisJousse;franceinfo
ChrisJousse;Le_Figaro
ChrisJousse;le_Parisien
ChrisJousse;EmmanuelMacron
Puyguillaume;Le_Figaro
Puyguillaume;lemondefr
Puyguillaume;afpfr
Puyguillaume;JeanCASTEX
Puyguillaume;renaudpila
Puyguillaume;EPhilippe_LH
Puyguillaume;FRANCE24
Puyguillaume;franceinter
Puyguillaume;le_Parisien
Puyguillaume;EmmanuelMacron
Puyguillaume;RoyalSegolene
Puyguillaume;GDarmanin
Puyguillaume;BrunoLeMaire
Puyguillaume;Mediapart
Puyguillaume;franceinfo
Puyguillaume;FredericSays
p_paikan;BFMTV
p_paikan;afpfr
p_paikan;le_Parisien
p_paikan;lemondefr
p_paikan;Le_Figaro
p_paikan;Anne_Hidalgo
p_paikan;JeanCASTEX
p_paikan;CCastaner
p_paikan;EPhilippe_LH
p_paikan;EmmanuelMacron
antoniuspontius;Le_Figaro
antoniuspontius;lemondefr
antoniuspontius;20Minutes
MESSEHIQ13;Le_Figaro
NegMarron13;Le_Figaro
NegMarron13;afpfr
NegMarron13;libe
NegMarron13;franceinter
NegMarron13;CNEWS
NegMarron13;France24_fr
NegMarron13;franceinfo
NegMarron13;RFI
NegMarron13;lemondefr
BaillotThierry;lemondefr
BaillotThierry;Le_Figaro
nathanbonneau1;Le_Figaro
nathanbonneau1;lemondefr
ml20205;Le_Figaro
noahlandale1;LEXPRESS
noahlandale1;JeanCASTEX
noahlandale1;franceinfo
noahlandale1;MarianneleMag
noahlandale1;Le_Figaro
noahlandale1;CNEWS
noahlandale1;Valeurs
noahlandale1;LesEchos
noahlandale1;lemondefr
noahlandale1;le_Parisien
noahlandale1;olivierveran
noahlandale1;RFI
noahlandale1;lobs
noahlandale1;BrunoLeMaire
noahlandale1;LePoint
noahlandale1;libe
AlainPata2;LaTribune
AlainPata2;LesEchos
AlainPata2;LePoint
AlainPata2;LEXPRESS
AlainPata2;lobs
AlainPata2;Mediapart
AlainPata2;afpfr
AlainPata2;franceinfo
AlainPata2;CNEWS
AlainPata2;BFMTV
AlainPata2;le_Parisien
AlainPata2;Le_Figaro
AlainPata2;libe
AlainPata2;lemondefr
AlainPata2;FRANCE24
AlainPata2;TV5MONDE
AlainPata2;RFI
AlainPata2;France24_fr
AlainPata2;jeune_afrique
AlainPata2;bbcafrique
AlainPata2;RFIAfrique
AlainPata2;EmmanuelMacron
RNzoulou;lemondefr
RNzoulou;RFI
RNzoulou;franceinfo
RNzoulou;CNEWS
RNzoulou;France2tv
RNzoulou;le_Parisien
RNzoulou;BFMTV
RNzoulou;EmmanuelMacron
RNzoulou;France24_fr
RNzoulou;FRANCE24
RNzoulou;RFIAfrique
RNzoulou;lequipe
RNzoulou;Le_Figaro
RNzoulou;JLMelenchon
RNzoulou;fhollande
RNzoulou;afpfr
RNzoulou;jeune_afrique
RNzoulou;RTLFrance
RNzoulou;Europe1
RNzoulou;Mediapart
alexsavonitto;MLP_officiel
alexsavonitto;JLMelenchon
alexsavonitto;BrunoLeMaire
alexsavonitto;gouvernementFR
alexsavonitto;GDarmanin
alexsavonitto;olivierveran
alexsavonitto;jmblanquer
alexsavonitto;CNEWS
alexsavonitto;TF1
alexsavonitto;BFMTV
alexsavonitto;EmmanuelMacron
alexsavonitto;JeanCASTEX
alexsavonitto;alainjuppe
alexsavonitto;fhollande
alexsavonitto;EPhilippe_LH
alexsavonitto;CCastaner
alexsavonitto;vpecresse
ChauvetAsse;RFIAfrique
ChauvetAsse;Le_Figaro
ChauvetAsse;lemondefr
ChauvetAsse;FRANCE24
ChauvetAsse;RFI
ChauvetAsse;EmmanuelMacron
ChauvetAsse;TV5MONDE
ChauvetAsse;France24_fr
ChauvetAsse;jeune_afrique
PHILIPPEVALEN17;BFMTV
PHILIPPEVALEN17;Le_Figaro
PHILIPPEVALEN17;le_Parisien
PHILIPPEVALEN17;EmmanuelMacron
robertcamille20;Charlie_Hebdo_
robertcamille20;bbcafrique
robertcamille20;MarianneleMag
robertcamille20;France24_fr
robertcamille20;RFI
robertcamille20;BFMTV
robertcamille20;ChTaubira
robertcamille20;edgarmorinparis
robertcamille20;LeHuffPost
robertcamille20;le_Parisien
robertcamille20;Valeurs
robertcamille20;CNEWS
robertcamille20;canardenchaine
robertcamille20;lemonde_pol
robertcamille20;lesinrocks
robertcamille20;Anne_Hidalgo
robertcamille20;lequipe
robertcamille20;JLBorloo
robertcamille20;vpecresse
robertcamille20;LesEchos
robertcamille20;lemondefr
robertcamille20;Le_Figaro
robertcamille20;franceinter
robertcamille20;ARTEfr
CecileDasylva;Le_Figaro
CecileDasylva;C8TV
CecileDasylva;RTLFrance
CecileDasylva;lobs
CecileDasylva;lemondefr
CecileDasylva;canalplus
CecileDasylva;BFMTV
CecileDasylva;RFI
CecileDasylva;20Minutes
CecileDasylva;ARTEfr
CecileDasylva;lesinrocks
CecileDasylva;LCI
CecileDasylva;Madamefigaro
CecileDasylva;franceinter
CecileDasylva;le_Parisien
CecileDasylva;RMCinfo
CecileDasylva;VogueParis
CecileDasylva;afpfr
ValmaletteM;CNEWS
ValmaletteM;MarleneSchiappa
ValmaletteM;gouvernementFR
ValmaletteM;France24_fr
ValmaletteM;EmmanuelMacron
ValmaletteM;Francetele
ValmaletteM;E_DupondM
ValmaletteM;Le_Figaro
ValmaletteM;lemondefr
ValmaletteM;France2tv
ValmaletteM;JeanCASTEX
ValmaletteM;BrunoLeMaire
ValmaletteM;LCP
ValmaletteM;EPhilippe_LH
ValmaletteM;jmblanquer
ValmaletteM;olivierveran
ValmaletteM;LEXPRESS
ValmaletteM;M6
ValmaletteM;franceinter
ValmaletteM;BGriveaux
ValmaletteM;Mediapart
ValmaletteM;franceinfo
ValmaletteM;TF1
ValmaletteM;AgnesRunacher
ValmaletteM;20Minutes
ValmaletteM;publicsenat
ValmaletteM;le_Parisien
ValmaletteM;Qofficiel
ValmaletteM;enmarchefr
ValmaletteM;BFMTV
ValmaletteM;CCastaner
ValmaletteM;RTLFrance
ValmaletteM;LesEchos
ValmaletteM;GDarmanin
ValmaletteM;lobs
KabaMouzby;libe
KabaMouzby;Le_Figaro
KabaMouzby;franceinfo
KabaMouzby;lemondefr
KabaMouzby;GDarmanin
KabaMouzby;MarleneSchiappa
KabaMouzby;ECiotti
KabaMouzby;NicolasSarkozy
KabaMouzby;fhollande
KabaMouzby;afpfr
KabaMouzby;France24_fr
KabaMouzby;jmblanquer
KabaMouzby;FRANCE24
KabaMouzby;olivierveran
KabaMouzby;le_Parisien
KabaMouzby;Anne_Hidalgo
KabaMouzby;EPhilippe_LH
KabaMouzby;f_philippot
KabaMouzby;MLP_officiel
KabaMouzby;gouvernementFR
KabaMouzby;EmmanuelMacron
KabaMouzby;bbcafrique
KabaMouzby;jeune_afrique
KabaMouzby;RFIAfrique
KabaMouzby;RFI
Noisett19981876;franceinfo
Noisett19981876;Le_Figaro
Noisett19981876;libe
Noisett19981876;Mediavenir
Noisett19981876;lemondefr
SchroederMarti6;Le_Figaro
SchroederMarti6;lemondefr
SchroederMarti6;EmmanuelMacron
SchroederMarti6;EPhilippe_LH
danfakha_bacary;EmmanuelMacron
danfakha_bacary;BFMTV
danfakha_bacary;afpfr
danfakha_bacary;France24_fr
danfakha_bacary;RFI
danfakha_bacary;Le_Figaro
MartinG40995887;CNEWS
MartinG40995887;JeanCASTEX
MartinG40995887;LCI
MartinG40995887;FrancoisFillon
MartinG40995887;manuelvalls
MartinG40995887;BrunoLeMaire
MartinG40995887;TF1
MartinG40995887;olivierveran
MartinG40995887;Mediapart
MartinG40995887;EmmanuelMacron
MartinG40995887;laurentwauquiez
MartinG40995887;jmblanquer
MartinG40995887;M6
MartinG40995887;RMCinfo
MartinG40995887;NicolasSarkozy
MartinG40995887;Le_Figaro
MartinG40995887;fhollande
MartinG40995887;RTLFrance
MartinG40995887;BFMTV
MartinG40995887;Charlie_Hebdo_
MartinG40995887;ECiotti
MartinG40995887;GDarmanin
MartinG40995887;gouvernementFR
Bruno70297437;LesEchos
Bruno70297437;Le_Figaro
verydreamyy;BFMTV
verydreamyy;franceinter
verydreamyy;franceinfo
verydreamyy;Mediapart
verydreamyy;libe
verydreamyy;Le_Figaro
verydreamyy;lemondefr
CheikhT58509732;Le_Figaro
CheikhT58509732;lemondefr
CheikhT58509732;jeune_afrique
diyane_salma;Le_Figaro
diyane_salma;EmmanuelMacron
diyane_salma;BFMTV
diyane_salma;20Minutes
diyane_salma;lemondefr
diyane_salma;France24_fr
EnnahBen;Le_Figaro
natchauchard;Le_Figaro
natchauchard;franceinfo
natchauchard;ARTEfr
natchauchard;brutofficiel
natchauchard;afpfr
natchauchard;lemondefr
nezfaridd;Le_Figaro
nezfaridd;JLMelenchon
nezfaridd;lemondefr
nezfaridd;fabricearfi
nezfaridd;EmmanuelMacron
nezfaridd;ARTEfr
nezfaridd;edwyplenel
nezfaridd;Mediapart
bmdiedhiou;Le_Figaro
bmdiedhiou;afpfr
bmdiedhiou;beinsports_FR
bmdiedhiou;RFIAfrique
bmdiedhiou;lequipe
bmdiedhiou;RFI
bmdiedhiou;Eurosport_FR
bmdiedhiou;Mediapart
bmdiedhiou;lemondefr
bmdiedhiou;France24_fr
bmdiedhiou;lobs
bmdiedhiou;FRANCE24
bmdiedhiou;jeune_afrique
Uri01209045;Le_Figaro
Uri01209045;TF1
Uri01209045;afpfr
Uri01209045;libe
Uri01209045;FRANCE24
Uri01209045;CNEWS
Uri01209045;BFMTV
Uri01209045;gouvernementFR
Uri01209045;France24_fr
Uri01209045;lemondefr
Uri01209045;TV5MONDE
Uri01209045;RFIAfrique
Uri01209045;jeune_afrique
Uri01209045;RFI
Uri01209045;MLP_officiel
Uri01209045;bbcafrique
Uri01209045;fhollande
Uri01209045;NicolasSarkozy
Uri01209045;EmmanuelMacron
Uri01209045;EPhilippe_LH
maude_lbs1;Le_Figaro
maude_lbs1;lemondefr
maude_lbs1;OuestFrance
maude_lbs1;Mediavenir
Kemton5;beinsports_FR
Kemton5;lemondefr
Kemton5;Le_Figaro
Kemton5;franceinfo
Kemton5;Eurosport_FR
Kemton5;lequipe
Kemton5;Qofficiel
Kemton5;20Minutes
BambaAbdoulaye6;EPhilippe_LH
BambaAbdoulaye6;Le_Figaro
OKchira;Le_Figaro
OKchira;afpfr
OKchira;RMCinfo
OKchira;lemondefr
OKchira;CNEWS
OKchira;RTLFrance
OKchira;M6
OKchira;TV5MONDE
OKchira;France2tv
QuentinLeger7;TPMP
QuentinLeger7;Mediapart
QuentinLeger7;France24_fr
QuentinLeger7;LePoint
QuentinLeger7;LCI
QuentinLeger7;Europe1
QuentinLeger7;BFMTV
QuentinLeger7;RTLFrance
QuentinLeger7;franceinter
QuentinLeger7;franceinfo
QuentinLeger7;France2tv
QuentinLeger7;le_Parisien
QuentinLeger7;lemondefr
QuentinLeger7;CNEWS
QuentinLeger7;EmmanuelMacron
QuentinLeger7;Le_Figaro
QuentinLeger7;TF1
Ana72453635;Le_Figaro
Ana72453635;Charlie_Hebdo_
Ana72453635;JLMelenchon
Ana72453635;JeanCASTEX
Ana72453635;EmmanuelMacron
Arevilla3;Le_Figaro
Arevilla3;EmmanuelMacron
EloiseM35547178;EmmanuelMacron
EloiseM35547178;BFMTV
EloiseM35547178;Le_Figaro
alexandra_frnkl;canardenchaine
alexandra_frnkl;Charlie_Hebdo_
alexandra_frnkl;LePoint
alexandra_frnkl;LEXPRESS
alexandra_frnkl;lobs
alexandra_frnkl;Le_Figaro
alexandra_frnkl;franceinter
alexandra_frnkl;franceinfo
alexandra_frnkl;lemondefr
alexandra_frnkl;Mediapart
alexandra_frnkl;Qofficiel
alexandra_frnkl;Francetele
alexandra_frnkl;le_Parisien
alexandra_frnkl;puremedias
alexandra_frnkl;CNEWS
alexandra_frnkl;Mediavenir
alexandra_frnkl;brutofficiel
alexandra_frnkl;LeHuffPost
alexandra_frnkl;afpfr
alexandra_frnkl;nadine__morano
koudize_amadou;afpfr
koudize_amadou;Le_Figaro
koudize_amadou;le_Parisien
koudize_amadou;JeanCASTEX
koudize_amadou;libe
koudize_amadou;TF1
koudize_amadou;EmmanuelMacron
koudize_amadou;FRANCE24
koudize_amadou;canalplus
koudize_amadou;lemondefr
koudize_amadou;beinsports_FR
koudize_amadou;CanalFootClub
koudize_amadou;jeune_afrique
koudize_amadou;RFIAfrique
koudize_amadou;RFI
koudize_amadou;bbcafrique
koudize_amadou;France24_fr
AdamaCO03475763;TF1
AdamaCO03475763;Le_Figaro
AdamaCO03475763;France24_fr
AdamaCO03475763;RFIAfrique
AdamaCO03475763;jeune_afrique
AdamaCO03475763;RFI
AdamaCO03475763;EmmanuelMacron
GuillaumeProux;gouvernementFR
GuillaumeProux;le_Parisien
GuillaumeProux;Le_Figaro
GuillaumeProux;lemondefr
KanazoeLandry;beinsports_FR
KanazoeLandry;Le_Figaro
KanazoeLandry;EmmanuelMacron
KanazoeLandry;RTLFrance
KanazoeLandry;Europe1
KanazoeLandry;RFI
KanazoeLandry;franceinter
KanazoeLandry;LCI
KanazoeLandry;BFMTV
KanazoeLandry;franceinfo
KanazoeLandry;CNEWS
aloifiafia_z;Le_Figaro
aloifiafia_z;BrunoLeMaire
aloifiafia_z;EPhilippe_LH
aloifiafia_z;JeanCASTEX
aloifiafia_z;jmblanquer
aloifiafia_z;olivierveran
aloifiafia_z;vpecresse
aloifiafia_z;laurentwauquiez
aloifiafia_z;Mediapart
aloifiafia_z;afpfr
aloifiafia_z;benoithamon
aloifiafia_z;Mediavenir
aloifiafia_z;fhollande
aloifiafia_z;EmmanuelMacron
aloifiafia_z;brutofficiel
BerradaHamza18;Le_Figaro
BerradaHamza18;France24_fr
BerradaHamza18;lemondefr
FarinacciRober1;CCastaner
FarinacciRober1;jmblanquer
FarinacciRober1;GDarmanin
FarinacciRober1;BrunoLeMaire
FarinacciRober1;jpraffarin
FarinacciRober1;xavierbertrand
FarinacciRober1;vpecresse
FarinacciRober1;jf_cope
FarinacciRober1;FrancoisFillon
FarinacciRober1;alainjuppe
FarinacciRober1;NicolasSarkozy
FarinacciRober1;fhollande
FarinacciRober1;JLMelenchon
FarinacciRober1;MLP_officiel
FarinacciRober1;MarionMarechal
FarinacciRober1;JeudyBruno
FarinacciRober1;apollineWakeUp
FarinacciRober1;dupontaignan
FarinacciRober1;lesRepublicains
FarinacciRober1;Le_Figaro
FarinacciRober1;Mediavenir
FarinacciRober1;nadine__morano
FarinacciRober1;franceinfo
FarinacciRober1;BFMTV
FarinacciRober1;ECiotti
FarinacciRober1;lemondefr
FarinacciRober1;Valeurs
FarinacciRober1;EmmanuelMacron
FarinacciRober1;laurentwauquiez
FarinacciRober1;CNEWS
FarinacciRober1;le_Parisien
FarinacciRober1;RNational_off
ReaganKashimba;afpfr
ReaganKashimba;TPMP
ReaganKashimba;jeune_afrique
ReaganKashimba;20Minutes
ReaganKashimba;FRANCE24
ReaganKashimba;RTLFrance
ReaganKashimba;Le_Figaro
ReaganKashimba;NicolasSarkozy
ReaganKashimba;beinsports_FR
ReaganKashimba;bbcafrique
ReaganKashimba;LCI
ReaganKashimba;franceinfo
ReaganKashimba;libe
ReaganKashimba;lequipe
ReaganKashimba;BFMTV
ReaganKashimba;RFI
ReaganKashimba;lemondefr
ISABELLEPAINTR1;Le_Figaro
ISABELLEPAINTR1;EmmanuelMacron
ISABELLEPAINTR1;olivierveran
chien2rue28;Le_Figaro
chien2rue28;afpfr
chien2rue28;lequipe
chien2rue28;le_Parisien
chien2rue28;lemondefr
Gladiat474;EmmanuelMacron
Gladiat474;CNEWS
Gladiat474;BFMTV
Gladiat474;le_Parisien
Gladiat474;Le_Figaro
Gladiat474;lemondefr
Gladiat474;libe
frederic_rufin;Mediavenir
frederic_rufin;Le_Figaro
frederic_rufin;lequipe
frederic_rufin;le_Parisien
frederic_rufin;BFMTV
frederic_rufin;CNEWS
frederic_rufin;TF1
frederic_rufin;beinsports_FR
frederic_rufin;France24_fr
frederic_rufin;lemondefr
frederic_rufin;RFIAfrique
frederic_rufin;jeune_afrique
frederic_rufin;EmmanuelMacron
frederic_rufin;RFI
frederic_rufin;MLP_officiel
frederic_rufin;TheVoice_TF1
ManelBenBelgac1;FRANCE24
ManelBenBelgac1;lemondefr
ManelBenBelgac1;Le_Figaro
ManelBenBelgac1;EmmanuelMacron
Association59;franceinfo
Association59;RMCinfo
Association59;Le_Figaro
Association59;LePoint
Association59;le_Parisien
Association59;RTLFrance
Association59;GDarmanin
ade2612;E_DupondM
ade2612;Le_Figaro
ade2612;olivierveran
ade2612;JeanCASTEX
ade2612;gouvernementFR
ade2612;EmmanuelMacron
ade2612;M6
ade2612;MLP_officiel
ade2612;cauetofficiel
ade2612;France2tv
ade2612;LesEchos
ade2612;VogueParis
ade2612;canalplus
ade2612;TheVoice_TF1
ade2612;BFMTV
ade2612;NRJ12lachaine
ade2612;afpfr
ade2612;LeHuffPost
ade2612;lequipe
Sparda73;Le_Figaro
Sparda73;MarionMourgue
Sparda73;MLP_officiel
Sparda73;Mediavenir
Sparda73;Valeurs
Sparda73;EmmanuelMacron
Sparda73;dupontaignan
Sparda73;GilbertCollard
Sparda73;MarionMarechal
Sparda73;afpfr
Mathys9360;vpecresse
Mathys9360;C8TV
Mathys9360;MarleneSchiappa
Mathys9360;Le_Figaro
Mathys9360;Valeurs
Mathys9360;RNational_off
Mathys9360;jwaintraub
Mathys9360;nadine__morano
Mathys9360;NicolasSarkozy
Mathys9360;lesRepublicains
Mathys9360;Charlie_Hebdo_
Mathys9360;Mediavenir
Mathys9360;CNEWS
Mathys9360;ParisMatch
Mathys9360;MarianneleMag
Mathys9360;brutofficiel
Mathys9360;EmmanuelMacron
GaniouMas;Le_Figaro
GaniouMas;RFIAfrique
GaniouMas;RFI
GaniouMas;lemondefr
PelegrinLea;jeune_afrique
PelegrinLea;France24_fr
PelegrinLea;Mediavenir
PelegrinLea;France2tv
PelegrinLea;FRANCE24
PelegrinLea;JLMelenchon
PelegrinLea;EmmanuelMacron
PelegrinLea;BFMTV
PelegrinLea;jmblanquer
PelegrinLea;20Minutes
PelegrinLea;TF1
PelegrinLea;MLP_officiel
PelegrinLea;le_Parisien
PelegrinLea;Francetele
PelegrinLea;ARTEfr
PelegrinLea;Le_Figaro
PelegrinLea;olivierveran
PelegrinLea;franceinfo
PelegrinLea;gouvernementFR
PelegrinLea;JeanCASTEX
PelegrinLea;franceinter
LendemainFr;LCI
LendemainFr;France2tv
LendemainFr;Europe1
LendemainFr;20Minutes
LendemainFr;LEXPRESS
LendemainFr;lobs
LendemainFr;libe
LendemainFr;jmaphatie
LendemainFr;Mediapart
LendemainFr;edwyplenel
LendemainFr;le_Parisien
LendemainFr;GDarmanin
LendemainFr;RTLFrance
LendemainFr;LePoint
LendemainFr;MarianneleMag
LendemainFr;Valeurs
LendemainFr;CNEWS
LendemainFr;LeHuffPost
LendemainFr;BFMTV
LendemainFr;franceinter
LendemainFr;EmmanuelMacron
LendemainFr;franceinfo
LendemainFr;afpfr
LendemainFr;RFIAfrique
LendemainFr;Le_Figaro
LendemainFr;FRANCE24
LendemainFr;lemondefr
LendemainFr;France24_fr
LendemainFr;MLP_officiel
LendemainFr;RFI
LendemainFr;NicolasSarkozy
CriadoJos1;Mediapart
CriadoJos1;gouvernementFR
CriadoJos1;Le_Figaro
CriadoJos1;LePoint
CriadoJos1;CNEWS
CriadoJos1;GilbertCollard
CriadoJos1;RFI
HuCline1;20Minutes
HuCline1;EmmanuelMacron
HuCline1;LCI
HuCline1;lemondefr
HuCline1;LEXPRESS
HuCline1;LePoint
HuCline1;Le_Figaro
HuCline1;TF1
HuCline1;gouvernementFR
CharlesNTAKPE1;RFI
CharlesNTAKPE1;Le_Figaro
CharlesNTAKPE1;EmmanuelMacron
CharlesNTAKPE1;lemondefr
DlgTaxi;canalplus
DlgTaxi;NathalieSchuck
DlgTaxi;DarmonMichael
DlgTaxi;GTabard
DlgTaxi;CarlMeeus
DlgTaxi;LaTribune
DlgTaxi;publicsenat
DlgTaxi;lemonde_pol
DlgTaxi;Madamefigaro
DlgTaxi;ParisMatch
DlgTaxi;Europe1
DlgTaxi;France24_fr
DlgTaxi;20Minutes
DlgTaxi;Francetele
DlgTaxi;cauetofficiel
DlgTaxi;leJDD
DlgTaxi;MarianneleMag
DlgTaxi;LCI
DlgTaxi;LCP
DlgTaxi;NRJ12lachaine
DlgTaxi;RFIAfrique
DlgTaxi;RFI
DlgTaxi;TV5MONDE
DlgTaxi;FRANCE24
DlgTaxi;afpfr
DlgTaxi;LesEchos
DlgTaxi;LePoint
DlgTaxi;LEXPRESS
DlgTaxi;lobs
DlgTaxi;Mediapart
DlgTaxi;libe
DlgTaxi;franceinter
DlgTaxi;ARTEfr
DlgTaxi;aurelherbemont
DlgTaxi;France2tv
DlgTaxi;TPMP
DlgTaxi;TF1
DlgTaxi;C8TV
DlgTaxi;M6
DlgTaxi;RMCinfo
DlgTaxi;LeHuffPost
DlgTaxi;RTLFrance
DlgTaxi;FredericSays
DlgTaxi;lemondefr
DlgTaxi;Le_Figaro
DlgTaxi;Valeurs
DlgTaxi;BFMTV
DlgTaxi;CNEWS
DlgTaxi;franceinfo
DlgTaxi;le_Parisien
DlgTaxi;NRJhitmusiconly
sousou68638587;franceinfo
sousou68638587;Le_Figaro
sousou68638587;le_Parisien
NarceJoseph;Le_Figaro
NarceJoseph;LePoint
NarceJoseph;Europe1
NarceJoseph;CNEWS
NarceJoseph;RTLFrance
NarceJoseph;lemondefr
NarceJoseph;le_Parisien
NarceJoseph;afpfr
NarceJoseph;franceinfo
NarceJoseph;BFMTV
NarceJoseph;beinsports_FR
NarceJoseph;EmmanuelMacron
NarceJoseph;France24_fr
SuzanneSenella1;vpecresse
SuzanneSenella1;laurentwauquiez
SuzanneSenella1;Le_Figaro
SuzanneSenella1;publicsenat
SuzanneSenella1;Anne_Hidalgo
Sweazy33840794;le_Parisien
Sweazy33840794;Le_Figaro
Sweazy33840794;lemondefr
ChlebetWadah;Le_Figaro
ChlebetWadah;BFMTV
ChlebetWadah;lemondefr
ChlebetWadah;fhollande
ChlebetWadah;olivierveran
ChlebetWadah;MLP_officiel
ChlebetWadah;JLMelenchon
ChlebetWadah;GDarmanin
ChlebetWadah;EPhilippe_LH
ChlebetWadah;EmmanuelMacron
ChlebetWadah;TF1
LauradoCarm0;Le_Figaro
LauradoCarm0;EmmanuelMacron
louis_goma;Le_Figaro
louis_goma;afpfr
louis_goma;EmmanuelMacron
louis_goma;fhollande
louis_goma;M6
louis_goma;RFIAfrique
louis_goma;FRANCE24
louis_goma;canalplus
louis_goma;le_Parisien
louis_goma;CNEWS
louis_goma;France24_fr
louis_goma;lemondefr
louis_goma;RFI
louis_goma;jeune_afrique
louis_goma;NicolasSarkozy
louis_goma;bbcafrique
KoneYac73083719;Mediapart
KoneYac73083719;Le_Figaro
KoneYac73083719;libe
KoneYac73083719;RFI
KoneYac73083719;France24_fr
KoneYac73083719;lemondefr
KoneYac73083719;EmmanuelMacron
KoneYac73083719;RFIAfrique
KoneYac73083719;TV5MONDE
KoneYac73083719;bbcafrique
KoneYac73083719;jeune_afrique
vieujardin;NicolasSarkozy
vieujardin;Le_Figaro
vieujardin;le_Parisien
vieujardin;JLMelenchon
vieujardin;dupontaignan
vieujardin;lemonde_pol
vieujardin;GDarmanin
vieujardin;EPhilippe_LH
vieujardin;olivierveran
vieujardin;enmarchefr
vieujardin;BrunoLeMaire
vieujardin;FranceInsoumise
Kimvensty;RFI
Kimvensty;FRANCE24
Kimvensty;TV5MONDE
Kimvensty;bbcafrique
Kimvensty;RFIAfrique
Kimvensty;jeune_afrique
Kimvensty;France24_fr
Kimvensty;BFMTV
Kimvensty;CNEWS
Kimvensty;Europe1
Kimvensty;RTLFrance
Kimvensty;Le_Figaro
Kimvensty;afpfr
Kimvensty;franceinfo
Kimvensty;LCP
Kimvensty;publicsenat
Kimvensty;lemonde_pol
Kimvensty;LesEchos
Kimvensty;libe
Kimvensty;le_Parisien
Kimvensty;Mediapart
Kimvensty;lemondefr
Kimvensty;Rue89
krzysiu56240;Le_Figaro
krzysiu56240;Valeurs
krzysiu56240;BrunoLeMaire
krzysiu56240;lequipe
krzysiu56240;lesRepublicains
krzysiu56240;f_philippot
krzysiu56240;JLBorloo
krzysiu56240;bayrou
krzysiu56240;fhollande
krzysiu56240;aurelherbemont
krzysiu56240;ChTaubira
krzysiu56240;EmmanuelMacron
krzysiu56240;alainjuppe
krzysiu56240;nk_m
krzysiu56240;MarionMarechal
NouriHissein;LeHuffPost
NouriHissein;LaTribune
NouriHissein;LesEchos
NouriHissein;LePoint
NouriHissein;lobs
NouriHissein;LEXPRESS
NouriHissein;lemondefr
NouriHissein;Le_Figaro
NouriHissein;montebourg
NouriHissein;aurelifil
NouriHissein;bayrou
NouriHissein;najatvb
NouriHissein;alainjuppe
NouriHissein;ChTaubira
NouriHissein;manuelvalls
NouriHissein;fhollande
NouriHissein;NicolasSarkozy
NouriHissein;afpfr
NouriHissein;TV5MONDE
NouriHissein;France24_fr
NouriHissein;libe
NouriHissein;FRANCE24
NouriHissein;bbcafrique
NouriHissein;franceinfo
NouriHissein;C8TV
NouriHissein;ECiotti
NouriHissein;laurentwauquiez
NouriHissein;lesRepublicains
NouriHissein;dupontaignan
NouriHissein;FrancoisFillon
NouriHissein;MLP_officiel
NouriHissein;20Minutes
NouriHissein;France2tv
NouriHissein;le_Parisien
NouriHissein;LCI
NouriHissein;BFMTV
NouriHissein;CNEWS
NouriHissein;RoyalSegolene
NouriHissein;franceinter
NouriHissein;lofejoma
NouriHissein;brutofficiel
NouriHissein;marineturchi
NouriHissein;TPMP
NouriHissein;fabricearfi
NouriHissein;edwyplenel
NouriHissein;FranceInsoumise
NouriHissein;RFIAfrique
NouriHissein;RFI
NouriHissein;Mediavenir
NouriHissein;GilbertCollard
NouriHissein;EmmanuelMacron
NouriHissein;BrunoLeMaire
NouriHissein;MarleneSchiappa
NouriHissein;EPhilippe_LH
NouriHissein;GDarmanin
NouriHissein;CCastaner
NouriHissein;jeune_afrique
NouriHissein;leJDD
NouriHissein;f_philippot
NouriHissein;nadine__morano
NouriHissein;gouvernementFR
NouriHissein;MarianneleMag
NouriHissein;JLMelenchon
NouriHissein;Mediapart
NouriHissein;MarionMarechal
NouriHissein;Valeurs
Natalia63740365;Le_Figaro
_RuizBartolome;Le_Figaro
_RuizBartolome;MarionMarechal
_RuizBartolome;manuelvalls
_RuizBartolome;NicolasSarkozy
_RuizBartolome;LesEchos
Saumonnette69;lesRepublicains
Saumonnette69;vpecresse
Saumonnette69;f_philippot
Saumonnette69;NicolasSarkozy
Saumonnette69;Valeurs
Saumonnette69;RoyalSegolene
Saumonnette69;BrunoLeMaire
Saumonnette69;GDarmanin
Saumonnette69;Le_Figaro
AbderIbram;LCI
AbderIbram;lobs
AbderIbram;RNational_off
AbderIbram;Le_Figaro
AbderIbram;LEXPRESS
AbderIbram;Europe1
AbderIbram;franceinfo
AbderIbram;LePoint
AbderIbram;Medi1TV
AbderIbram;le_Parisien
AbderIbram;FranceInsoumise
AbderIbram;NicolasSarkozy
AbderIbram;jeune_afrique
AbderIbram;RFI
AbderIbram;LesEchos
AbderIbram;20Minutes
AbderIbram;lemondefr
AbderIbram;MLP_officiel
AbderIbram;JLMelenchon
AbderIbram;EmmanuelMacron
btn_louis;CCastaner
btn_louis;Le_Figaro
btn_louis;fhollande
btn_louis;JLMelenchon
btn_louis;EPhilippe_LH
btn_louis;MLP_officiel
btn_louis;CNEWS
btn_louis;gouvernementFR
btn_louis;BFMTV
btn_louis;GDarmanin
btn_louis;E_DupondM
btn_louis;JeanCASTEX
btn_louis;olivierveran
btn_louis;Mediavenir
btn_louis;Qofficiel
btn_louis;EmmanuelMacron
laurenceconjaud;LeHuffPost
laurenceconjaud;20Minutes
laurenceconjaud;lemondefr
laurenceconjaud;Le_Figaro
laurenceconjaud;MarianneleMag
laurenceconjaud;canardenchaine
laurenceconjaud;afpfr
laurenceconjaud;Laurent_Joffrin
laurenceconjaud;nadine__morano
laurenceconjaud;JLMelenchon
laurenceconjaud;edwyplenel
laurenceconjaud;ParisMatch
laurenceconjaud;Mediapart
laurenceconjaud;LEXPRESS
laurenceconjaud;libe
laurenceconjaud;lobs
laurenceconjaud;LePoint
laurenceconjaud;canalplus
laurenceconjaud;Europe1
laurenceconjaud;RTLFrance
laurenceconjaud;franceinfo
laurenceconjaud;CNEWS
laurenceconjaud;le_Parisien
laurenceconjaud;BFMTV
laurenceconjaud;Valeurs
laurenceconjaud;M6
laurenceconjaud;NRJ12lachaine
laurenceconjaud;France2tv
laurenceconjaud;C8TV
laurenceconjaud;C_Barbier
laurenceconjaud;TPMP
laurenceconjaud;puremedias
lnamurois;Le_Figaro
lnamurois;afpfr
lnamurois;lemondefr
lnamurois;BFMTV
lnamurois;franceinfo
lnamurois;franceinter
lnamurois;France24_fr
Aissam52622246;Le_Figaro
Aissam52622246;le_Parisien
Aissam52622246;BFMTV
samos40478475;CanalFootClub
samos40478475;franceinfo
samos40478475;FRANCE24
samos40478475;CNEWS
samos40478475;Le_Figaro
samos40478475;lequipe
samos40478475;le_Parisien
samos40478475;France24_fr
samos40478475;afpfr
samos40478475;BFMTV
samos40478475;lemondefr
samos40478475;beinsports_FR
MohamedHaski1;publicsenat
MohamedHaski1;jmaphatie
MohamedHaski1;Le_Figaro
MohamedHaski1;Europe1
MohamedHaski1;Charlie_Hebdo_
MohamedHaski1;ParisMatch
MohamedHaski1;franceinfo
MohamedHaski1;afpfr
MohamedHaski1;NicolasSarkozy
MohamedHaski1;BGriveaux
MohamedHaski1;JeanCASTEX
MohamedHaski1;E_DupondM
MohamedHaski1;libe
MohamedHaski1;FRANCE24
MohamedHaski1;TV5MONDE
MohamedHaski1;benoithamon
MohamedHaski1;fhollande
MohamedHaski1;JLMelenchon
MohamedHaski1;LaTribune
MohamedHaski1;LaurentFabius
MohamedHaski1;manuelvalls
MohamedHaski1;BCazeneuve
MohamedHaski1;jeanmarcayrault
MohamedHaski1;BrunoLeMaire
MohamedHaski1;lemondefr
MohamedHaski1;montebourg
MohamedHaski1;MarleneSchiappa
MohamedHaski1;GDarmanin
MohamedHaski1;jmblanquer
MohamedHaski1;olivierveran
MohamedHaski1;Mediavenir
MohamedHaski1;ECiotti
MohamedHaski1;LesEchos
MohamedHaski1;RMCinfo
MohamedHaski1;gouvernementFR
MohamedHaski1;EPhilippe_LH
MohamedHaski1;OuestFrance
MohamedHaski1;ARTEfr
MohamedHaski1;CCastaner
MohamedHaski1;AgnesRunacher
MohamedHaski1;lesinrocks
MohamedHaski1;leJDD
MohamedHaski1;France24_fr
MohamedHaski1;Medi1TV
MohamedHaski1;TF1
MohamedHaski1;LCI
MohamedHaski1;France2tv
MohamedHaski1;RTLFrance
MohamedHaski1;franceinter
MohamedHaski1;vpecresse
MohamedHaski1;Anne_Hidalgo
MohamedHaski1;le_Parisien
MohamedHaski1;EmmanuelMacron
MohamedHaski1;MLP_officiel
RomaneCaille;Le_Figaro
RomaneCaille;E_DupondM
RomaneCaille;gouvernementFR
RomaneCaille;RNational_off
RomaneCaille;JeanCASTEX
RomaneCaille;EPhilippe_LH
RomaneCaille;franceinfo
RomaneCaille;lemondefr
RomaneCaille;CNEWS
RomaneCaille;le_Parisien
GaelReant;Le_Figaro
GaelReant;EmmanuelMacron
GaelReant;lemondefr
njaay_mamadou;Le_Figaro
njaay_mamadou;libe
njaay_mamadou;Mediapart
njaay_mamadou;FRANCE24
njaay_mamadou;lequipe
njaay_mamadou;RFI
njaay_mamadou;lemondefr
Jennycoopoosam1;Le_Figaro
Jennycoopoosam1;EPhilippe_LH
Jennycoopoosam1;lemondefr
Jennycoopoosam1;EmmanuelMacron
AlbertGahizi;LCI
AlbertGahizi;jeune_afrique
AlbertGahizi;CNEWS
AlbertGahizi;RTLFrance
AlbertGahizi;franceinfo
AlbertGahizi;afpfr
AlbertGahizi;TF1
AlbertGahizi;France2tv
AlbertGahizi;Europe1
AlbertGahizi;libe
AlbertGahizi;RFIAfrique
AlbertGahizi;lemondefr
AlbertGahizi;France24_fr
AlbertGahizi;bbcafrique
AlbertGahizi;EmmanuelMacron
AlbertGahizi;Mediapart
AlbertGahizi;RFI
AlbertGahizi;Le_Figaro
AlbertGahizi;FRANCE24
BeggarBouthayna;Le_Figaro
BeggarBouthayna;beinsports_FR
essisso;TV5MONDE
essisso;FRANCE24
essisso;jeune_afrique
essisso;RFIAfrique
essisso;lemondefr
essisso;France24_fr
essisso;libe
essisso;Le_Figaro
essisso;RFI
essisso;le_Parisien
essisso;bbcafrique
PipodayoP;Le_Figaro
PipodayoP;Valeurs
PipodayoP;FRANCE24
PipodayoP;brutofficiel
PipodayoP;lesinrocks
PipodayoP;EmmanuelMacron
desarneaux;jwaintraub
desarneaux;Valeurs
desarneaux;le_Parisien
desarneaux;franceinter
desarneaux;jmblanquer
desarneaux;LCP
desarneaux;Le_Figaro
desarneaux;xavierbertrand
desarneaux;afpfr
desarneaux;gouvernementFR
desarneaux;LCI
desarneaux;laurentwauquiez
desarneaux;publicsenat
desarneaux;cestrosi
desarneaux;RNational_off
desarneaux;BFMTV
desarneaux;ECiotti
desarneaux;lesRepublicains
desarneaux;BrunoLeMaire
desarneaux;MarionMarechal
desarneaux;AgnesRunacher
desarneaux;dupontaignan
desarneaux;LePoint
desarneaux;renaudpila
desarneaux;CNEWS
desarneaux;LaTribune
desarneaux;Europe1
desarneaux;NicolasSarkozy
desarneaux;GDarmanin
desarneaux;LesEchos
desarneaux;nadine__morano
desarneaux;MarleneSchiappa
desarneaux;LEXPRESS
desarneaux;MLP_officiel
desarneaux;GilbertCollard
desarneaux;vpecresse
desarneaux;MarianneleMag
desarneaux;MarionMourgue
JeibarL;franceinter
JeibarL;Le_Figaro
JeibarL;afpfr
JeibarL;franceinfo
JeibarL;CNEWS
JeibarL;BrunoLeMaire
JeibarL;EmmanuelMacron
JeibarL;LCI
Emir15822794;Le_Figaro
Emir15822794;lemondefr
Emir15822794;jeune_afrique
Emir15822794;RFI
Emir15822794;France24_fr
833466acc8c344e;France2tv
833466acc8c344e;Le_Figaro
833466acc8c344e;RMCinfo
833466acc8c344e;LCI
833466acc8c344e;lequipe
833466acc8c344e;M6
833466acc8c344e;bbcafrique
833466acc8c344e;Mediavenir
833466acc8c344e;jmblanquer
833466acc8c344e;CCastaner
833466acc8c344e;gouvernementFR
833466acc8c344e;olivierveran
833466acc8c344e;EPhilippe_LH
833466acc8c344e;FRANCE24
833466acc8c344e;jf_cope
833466acc8c344e;ECiotti
833466acc8c344e;canalplus
833466acc8c344e;Rue89
833466acc8c344e;franceinter
833466acc8c344e;LCIPolitique
833466acc8c344e;France24_fr
833466acc8c344e;TF1
833466acc8c344e;CanalFootClub
833466acc8c344e;jeune_afrique
833466acc8c344e;RFIAfrique
833466acc8c344e;libe
833466acc8c344e;Europe1
833466acc8c344e;Mediapart
833466acc8c344e;LEXPRESS
833466acc8c344e;LePoint
833466acc8c344e;20Minutes
833466acc8c344e;le_Parisien
833466acc8c344e;afpfr
833466acc8c344e;lobs
833466acc8c344e;RTLFrance
833466acc8c344e;TV5MONDE
833466acc8c344e;franceinfo
833466acc8c344e;CNEWS
833466acc8c344e;EmmanuelMacron
833466acc8c344e;lemondefr
833466acc8c344e;BFMTV
833466acc8c344e;fhollande
833466acc8c344e;benoithamon
833466acc8c344e;JLMelenchon
833466acc8c344e;MLP_officiel
833466acc8c344e;NicolasSarkozy
833466acc8c344e;RFI
jeromesailly1;franceinter
jeromesailly1;LePoint
jeromesailly1;Le_Figaro
jeromesailly1;lobs
jeromesailly1;LEXPRESS
jeromesailly1;canardenchaine
jeromesailly1;MarianneleMag
jeromesailly1;franceinfo
jeromesailly1;afpfr
jeromesailly1;libe
jeromesailly1;lemondefr
jeromesailly1;LCP
Dann28354777;franceinfo
Dann28354777;lemondefr
Dann28354777;EmmanuelMacron
Dann28354777;GDarmanin
Dann28354777;MarianneleMag
Dann28354777;France24_fr
Dann28354777;le_Parisien
Dann28354777;BFMTV
Dann28354777;libe
Dann28354777;RFI
Dann28354777;CNEWS
Dann28354777;publicsenat
Dann28354777;AgnesRunacher
Dann28354777;BrunoLeMaire
Dann28354777;LCI
Dann28354777;edwyplenel
Dann28354777;Mediavenir
Dann28354777;jmblanquer
Dann28354777;LCP
Dann28354777;JeanCASTEX
Dann28354777;olivierveran
Dann28354777;canardenchaine
Dann28354777;Valeurs
Dann28354777;afpfr
Dann28354777;askolovitchC
Dann28354777;LePoint
Dann28354777;Europe1
Dann28354777;Le_Figaro
Dann28354777;Charlie_Hebdo_
Dann28354777;LEXPRESS
Dann28354777;franceinter
Dann28354777;E_DupondM
Dann28354777;fabricearfi
Dann28354777;RTLFrance
Dann28354777;LesEchos
Dann28354777;leJDD
Dann28354777;CCastaner
Dann28354777;MarleneSchiappa
Dann28354777;gouvernementFR
OlivierGuyRoux2;lemondefr
OlivierGuyRoux2;beinsports_FR
OlivierGuyRoux2;lequipe
OlivierGuyRoux2;le_Parisien
OlivierGuyRoux2;Le_Figaro
OlivierGuyRoux2;ARTEfr
OlivierGuyRoux2;LeHuffPost
AlphaDi63116088;Mediapart
AlphaDi63116088;Le_Figaro
AlphaDi63116088;afpfr
AlphaDi63116088;franceinfo
AlphaDi63116088;Mediavenir
AlphaDi63116088;jeune_afrique
AlphaDi63116088;CNEWS
AlphaDi63116088;lequipe
AlphaDi63116088;le_Parisien
AlphaDi63116088;France24_fr
AlphaDi63116088;BFMTV
AlphaDi63116088;beinsports_FR
AlphaDi63116088;lemondefr
AlphaDi63116088;RFI
AlphaDi63116088;EmmanuelMacron
LucienDja;Le_Figaro
LucienDja;lemondefr
LucienDja;RFI
LucienDja;France24_fr
LucienDja;bbcafrique
LucienDja;jeune_afrique
LucienDja;TheVoice_TF1
LucienDja;TPMP
LucienDja;TF1
LucienDja;EmmanuelMacron
LoulidiNaoufal;lemondefr
LoulidiNaoufal;France24_fr
LoulidiNaoufal;EmmanuelMacron
LoulidiNaoufal;Le_Figaro
LoulidiNaoufal;bbcafrique
LoulidiNaoufal;Medi1TV
LoulidiNaoufal;jeune_afrique
Fadoulbachar1;libe
Fadoulbachar1;Le_Figaro
Fadoulbachar1;TV5MONDE
Fadoulbachar1;RFI
Fadoulbachar1;FRANCE24
Fadoulbachar1;lemondefr
Fadoulbachar1;France24_fr
Fadoulbachar1;bbcafrique
Fadoulbachar1;EmmanuelMacron
Fadoulbachar1;RFIAfrique
Fadoulbachar1;jeune_afrique
MargauxLenses;gouvernementFR
MargauxLenses;libe
MargauxLenses;LePoint
MargauxLenses;Le_Figaro
MargauxLenses;BFMTV
MargauxLenses;LesEchos
MargauxLenses;lemondefr
MargauxLenses;EmmanuelMacron
MargauxLenses;franceinter
MargauxLenses;JLMelenchon
MargauxLenses;Qofficiel
MargauxLenses;canardenchaine
AlsnRdgs;lemondefr
AlsnRdgs;le_Parisien
AlsnRdgs;Le_Figaro
AlsnRdgs;franceinfo
AlsnRdgs;LesEchos
AlsnRdgs;France24_fr
AlsnRdgs;EmmanuelMacron
AlsnRdgs;TPMP
AlsnRdgs;20Minutes
AlsnRdgs;CNEWS
AlsnRdgs;Mediavenir
AlsnRdgs;gouvernementFR
AlsnRdgs;BFMTV
AlsnRdgs;JeanCASTEX
aleksongth;lequipe
aleksongth;Eurosport_FR
aleksongth;LePoint
aleksongth;Le_Figaro
SABARAJASINGHA1;le_Parisien
SABARAJASINGHA1;M6
SABARAJASINGHA1;Le_Figaro
SABARAJASINGHA1;CNEWS
SABARAJASINGHA1;TF1
SABARAJASINGHA1;BFMTV
SABARAJASINGHA1;EmmanuelMacron
CognacNo22;France24_fr
CognacNo22;lemondefr
CognacNo22;Le_Figaro
wangwwwww;libe
wangwwwww;Le_Figaro
wangwwwww;leJDD
wangwwwww;Madamefigaro
wangwwwww;NicolasSarkozy
wangwwwww;LEXPRESS
wangwwwww;lobs
wangwwwww;lemondefr
BelAmore7;jeune_afrique
BelAmore7;bbcafrique
BelAmore7;France24_fr
BelAmore7;RFI
BelAmore7;Le_Figaro
BelAmore7;RFIAfrique
BelAmore7;libe
BelAmore7;le_Parisien
BelAmore7;TV5MONDE
BelAmore7;afpfr
doudou_2_0_;jeune_afrique
doudou_2_0_;libe
doudou_2_0_;le_Parisien
doudou_2_0_;Le_Figaro
doudou_2_0_;lemonde_pol
doudou_2_0_;lobs
doudou_2_0_;LEXPRESS
doudou_2_0_;LePoint
doudou_2_0_;lemondefr
doudou_2_0_;France24_fr
doudou_2_0_;Mediavenir
doudou_2_0_;RFIAfrique
doudou_2_0_;bbcafrique
doudou_2_0_;RFI
doudou_2_0_;EmmanuelMacron
sansonjonathan3;lesRepublicains
sansonjonathan3;Mediapart
sansonjonathan3;Le_Figaro
sansonjonathan3;le_Parisien
sansonjonathan3;NicolasSarkozy
sansonjonathan3;gouvernementFR
sansonjonathan3;JLMelenchon
sansonjonathan3;CanalFootClub
sansonjonathan3;lequipe
sansonjonathan3;EPhilippe_LH
sansonjonathan3;RNational_off
sansonjonathan3;ARTEfr
sansonjonathan3;MLP_officiel
sansonjonathan3;Qofficiel
sansonjonathan3;FranceInsoumise
sansonjonathan3;EmmanuelMacron
sansonjonathan3;Valeurs
sansonjonathan3;RTLFrance
sansonjonathan3;libe
sansonjonathan3;lemondefr
sansonjonathan3;dupontaignan
sansonjonathan3;CNEWS
MuderhwaRegis;Le_Figaro
MuderhwaRegis;MLP_officiel
MuderhwaRegis;RFIAfrique
MuderhwaRegis;jeune_afrique
MuderhwaRegis;NicolasSarkozy
MuderhwaRegis;JLMelenchon
MuderhwaRegis;canalplus
MuderhwaRegis;RFI
MuderhwaRegis;FRANCE24
Kouroum23770042;gouvernementFR
Kouroum23770042;lemondefr
Kouroum23770042;BrunoLeMaire
Kouroum23770042;GDarmanin
Kouroum23770042;Le_Figaro
Kouroum23770042;EPhilippe_LH
Kouroum23770042;TF1
KI0oe;libe
KI0oe;canalplus
KI0oe;lemondefr
KI0oe;Charlie_Hebdo_
KI0oe;VogueParis
KI0oe;Le_Figaro
KI0oe;Qofficiel
KI0oe;cauetofficiel
KI0oe;RFI
AmadouD35742818;CNEWS
AmadouD35742818;France24_fr
AmadouD35742818;Mediavenir
AmadouD35742818;Le_Figaro
AmadouD35742818;libe
AmadouD35742818;FRANCE24
AmadouD35742818;TV5MONDE
AmadouD35742818;bbcafrique
AmadouD35742818;CanalFootClub
AmadouD35742818;lemondefr
AmadouD35742818;RTLFrance
AmadouD35742818;lequipe
AmadouD35742818;afpfr
AmadouD35742818;franceinfo
AmadouD35742818;beinsports_FR
AmadouD35742818;RFIAfrique
AmadouD35742818;fhollande
AmadouD35742818;RFI
AmadouD35742818;EmmanuelMacron
AmadouD35742818;BFMTV
AmadouD35742818;jeune_afrique
AmadouD35742818;le_Parisien
NeoNeveu;bbcafrique
NeoNeveu;France24_fr
NeoNeveu;Europe1
NeoNeveu;franceinfo
NeoNeveu;TV5MONDE
NeoNeveu;publicsenat
NeoNeveu;JeanCASTEX
NeoNeveu;LCI
NeoNeveu;RTLFrance
NeoNeveu;RFI
NeoNeveu;FRANCE24
NeoNeveu;RMCinfo
NeoNeveu;Le_Figaro
NeoNeveu;Anne_Hidalgo
NeoNeveu;lobs
NeoNeveu;LEXPRESS
NeoNeveu;RFIAfrique
NeoNeveu;jeune_afrique
NeoNeveu;BFMTV
NeoNeveu;TF1
NeoNeveu;EmmanuelMacron
NeoNeveu;France2tv
comax_co;Le_Figaro
comax_co;Mediapart
comax_co;le_Parisien
comax_co;lemondefr
comax_co;franceinter
laguerre_franck;20Minutes
laguerre_franck;jeune_afrique
laguerre_franck;TV5MONDE
laguerre_franck;BFMTV
laguerre_franck;FRANCE24
laguerre_franck;afpfr
laguerre_franck;lemondefr
laguerre_franck;lequipe
laguerre_franck;lobs
laguerre_franck;Le_Figaro
amelie_ales;Le_Figaro
amelie_ales;gouvernementFR
amelie_ales;M6
amelie_ales;CCastaner
amelie_ales;Qofficiel
amelie_ales;MarianneleMag
amelie_ales;TheVoice_TF1
amelie_ales;C8TV
amelie_ales;France2tv
amelie_ales;Europe1
amelie_ales;franceinter
amelie_ales;LEXPRESS
amelie_ales;ARTEfr
amelie_ales;20Minutes
amelie_ales;le_Parisien
amelie_ales;canalplus
amelie_ales;LePoint
amelie_ales;CNEWS
amelie_ales;Mediapart
amelie_ales;lequipe
amelie_ales;NRJ12lachaine
amelie_ales;TF1
amelie_ales;lemondefr
ColereIsa;LeHuffPost
ColereIsa;Le_Figaro
ColereIsa;afpfr
ColereIsa;franceinter
ColereIsa;lobs
ColereIsa;lemondefr
ColereIsa;EPhilippe_LH
ColereIsa;MarianneleMag
ColereIsa;libe
ColereIsa;enmarchefr
ColereIsa;gouvernementFR
ColereIsa;Mediapart
ColereIsa;MarleneSchiappa
ColereIsa;LCP
ColereIsa;franceinfo
ColereIsa;LCI
ColereIsa;BFMTV
ColereIsa;CNEWS
ColereIsa;RFI
Mohamed24499084;LeHuffPost
Mohamed24499084;Le_Figaro
Mohamed24499084;CNEWS
Mohamed24499084;France24_fr
Mohamed24499084;BFMTV
Mohamed24499084;lobs
Mohamed24499084;Mediapart
Mohamed24499084;afpfr
Mohamed24499084;franceinfo
Mohamed24499084;libe
Mohamed24499084;lemondefr
Mohamed24499084;EmmanuelMacron
MoiteiroLaura;Valeurs
MoiteiroLaura;Mediavenir
MoiteiroLaura;GilbertCollard
MoiteiroLaura;MLP_officiel
MoiteiroLaura;CCastaner
MoiteiroLaura;BFMTV
MoiteiroLaura;Le_Figaro
MoiteiroLaura;gouvernementFR
MoiteiroLaura;lemondefr
MoiteiroLaura;EmmanuelMacron
gasser62645728;Europe1
gasser62645728;20Minutes
gasser62645728;LeHuffPost
gasser62645728;afpfr
gasser62645728;vpecresse
gasser62645728;gouvernementFR
gasser62645728;LePoint
gasser62645728;canalplus
gasser62645728;LEXPRESS
gasser62645728;edwyplenel
gasser62645728;Mediapart
gasser62645728;jmaphatie
gasser62645728;laurentwauquiez
gasser62645728;lesRepublicains
gasser62645728;ECiotti
gasser62645728;leJDD
gasser62645728;RTLFrance
gasser62645728;E_DupondM
gasser62645728;EmmanuelMacron
gasser62645728;ARTEfr
gasser62645728;le_Parisien
gasser62645728;Francetele
gasser62645728;C8TV
gasser62645728;publicsenat
gasser62645728;Valeurs
gasser62645728;Charlie_Hebdo_
gasser62645728;MarianneleMag
gasser62645728;TF1
gasser62645728;LCP
gasser62645728;lemondefr
gasser62645728;LCI
gasser62645728;NicolasSarkozy
gasser62645728;M6
gasser62645728;JeanCASTEX
gasser62645728;France2tv
gasser62645728;franceinfo
gasser62645728;franceinter
gasser62645728;fhollande
gasser62645728;xavierbertrand
gasser62645728;VogueParis
gasser62645728;Le_Figaro
gasser62645728;LesEchos
gasser62645728;BFMTV
gasser62645728;CNEWS
laura_lngt;Le_Figaro
laura_lngt;lemondefr
laura_lngt;BrunoLeMaire
laura_lngt;JeanCASTEX
laura_lngt;olivierveran
laura_lngt;EmmanuelMacron
laura_lngt;franceinfo
laura_lngt;gouvernementFR
laura_lngt;Mediapart
laura_lngt;LePoint
CelineLelouard;20Minutes
CelineLelouard;gouvernementFR
CelineLelouard;lobs
CelineLelouard;Le_Figaro
CelineLelouard;brutofficiel
CelineLelouard;franceinfo
CelineLelouard;lemondefr
CelineLelouard;BFMTV
CelineLelouard;Mediapart
CelineLelouard;libe
paolasche;Le_Figaro
paolasche;libe
paolasche;lemondefr
paolasche;afpfr
paolasche;EmmanuelMacron
paolasche;VogueParis
CaratyChristine;afpfr
CaratyChristine;LePoint
CaratyChristine;BrunoLeMaire
CaratyChristine;lemondefr
CaratyChristine;Le_Figaro
CaratyChristine;franceinter
CaratyChristine;LesEchos
CaratyChristine;franceinfo
VictoireSipp;franceinter
VictoireSipp;afpfr
VictoireSipp;Le_Figaro
VictoireSipp;lemondefr
VictoireSipp;franceinfo
alimed215077;RFIAfrique
alimed215077;LCIPolitique
alimed215077;Le_Figaro
alimed215077;franceinfo
alimed215077;CNEWS
alimed215077;BFMTV
alimed215077;LCI
alimed215077;MarianneleMag
alimed215077;Valeurs
alimed215077;le_Parisien
alimed215077;CanalFootClub
alimed215077;beinsports_FR
alimed215077;lequipe
alimed215077;MarionMarechal
alimed215077;libe
alimed215077;lemondefr
alimed215077;France24_fr
alimed215077;jeune_afrique
ducarrr;brutofficiel
ducarrr;le_Parisien
ducarrr;Le_Figaro
ducarrr;libe
ducarrr;lemondefr
ducarrr;E_DupondM
ducarrr;Eurosport_FR
ducarrr;EPhilippe_LH
ducarrr;BFMTV
ducarrr;Qofficiel
ducarrr;EmmanuelMacron
ducarrr;TPMP
ducarrr;FrancoisFillon
ducarrr;NicolasSarkozy
ducarrr;canalplus
ducarrr;beinsports_FR
ducarrr;NRJ12lachaine
ducarrr;CanalFootClub
ducarrr;TF1
ducarrr;cauetofficiel
ducarrr;lequipe
SrLkr;JLMelenchon
SrLkr;fhollande
SrLkr;LeHuffPost
SrLkr;lemonde_pol
SrLkr;humanite_fr
SrLkr;LPJofficiel
SrLkr;Rue89
SrLkr;ARTEfr
SrLkr;LCP
SrLkr;lobs
SrLkr;FRANCE24
SrLkr;publicsenat
SrLkr;TF1
SrLkr;afpfr
SrLkr;BFMTV
SrLkr;gouvernementFR
SrLkr;Le_Figaro
SrLkr;jmblanquer
SrLkr;RFI
SrLkr;franceinter
SrLkr;M6
SrLkr;franceinfo
SrLkr;libe
SrLkr;BrunoLeMaire
SrLkr;Mediapart
SrLkr;France24_fr
SrLkr;lemondefr
SrLkr;LEXPRESS
SrLkr;EmmanuelMacron
SrLkr;20Minutes
SrLkr;JeanCASTEX
SrLkr;France2tv
SrLkr;CNEWS
SrLkr;le_Parisien
SrLkr;GDarmanin
SrLkr;canalplus
SrLkr;LCI
SrLkr;LesEchos
SrLkr;olivierveran
SrLkr;LePoint
SrLkr;RTLFrance
SrLkr;Europe1
SrLkr;CCastaner
GeorgesValent11;EmmanuelMacron
GeorgesValent11;bbcafrique
GeorgesValent11;RFI
GeorgesValent11;Mediapart
GeorgesValent11;jeune_afrique
GeorgesValent11;France24_fr
GeorgesValent11;lemondefr
GeorgesValent11;RFIAfrique
GeorgesValent11;LePoint
GeorgesValent11;Le_Figaro
benoit_hel;gouvernementFR
benoit_hel;franceinfo
benoit_hel;LesEchos
benoit_hel;Le_Figaro
benoit_hel;20Minutes
benoit_hel;Charlie_Hebdo_
benoit_hel;Qofficiel
benoit_hel;VogueParis
benoit_hel;libe
benoit_hel;RMCinfo
benoit_hel;enmarchefr
benoit_hel;GDarmanin
benoit_hel;Europe1
benoit_hel;brutofficiel
benoit_hel;France24_fr
benoit_hel;LeHuffPost
benoit_hel;lemondefr
benoit_hel;afpfr
benoit_hel;LePoint
benoit_hel;canardenchaine
benoit_hel;EmmanuelMacron
benoit_hel;publicsenat
sdote64;canalplus
sdote64;Le_Figaro
sdote64;jeune_afrique
sdote64;bbcafrique
sdote64;France24_fr
sdote64;RFI
PinsonMichel1;LCP
PinsonMichel1;TF1
PinsonMichel1;alainjuppe
PinsonMichel1;JLMelenchon
PinsonMichel1;EmmanuelMacron
PinsonMichel1;20Minutes
PinsonMichel1;GDarmanin
PinsonMichel1;MarionMarechal
PinsonMichel1;CNEWS
PinsonMichel1;MarleneSchiappa
PinsonMichel1;RTLFrance
PinsonMichel1;xavierbertrand
PinsonMichel1;leJDD
PinsonMichel1;le_Parisien
PinsonMichel1;EPhilippe_LH
PinsonMichel1;edwyplenel
PinsonMichel1;NicolasSarkozy
PinsonMichel1;jpraffarin
PinsonMichel1;OuestFrance
PinsonMichel1;MarianneleMag
PinsonMichel1;franceinfo
PinsonMichel1;lequipe
PinsonMichel1;RMCinfo
PinsonMichel1;Le_Figaro
PinsonMichel1;gouvernementFR
PinsonMichel1;LePoint
PinsonMichel1;GilbertCollard
PinsonMichel1;Valeurs
PinsonMichel1;Mediapart
PinsonMichel1;MLP_officiel
PinsonMichel1;vpecresse
PinsonMichel1;LCI
PinsonMichel1;Europe1
PinsonMichel1;BFMTV
GherabRiadh;afpfr
GherabRiadh;Le_Figaro
GherabRiadh;FRANCE24
GherabRiadh;RTLFrance
GherabRiadh;M6
GherabRiadh;le_Parisien
GherabRiadh;franceinfo
GherabRiadh;jeune_afrique
GherabRiadh;BFMTV
GherabRiadh;CNEWS
GherabRiadh;RFI
GherabRiadh;France24_fr
GherabRiadh;lemondefr
GherabRiadh;EmmanuelMacron
dgvg22;Le_Figaro
lamiraux7;ARTEfr
lamiraux7;BFMTV
lamiraux7;franceinter
lamiraux7;LCI
lamiraux7;afpfr
lamiraux7;Le_Figaro
lamiraux7;TF1
lamiraux7;Francetele
noemi_lenner;Le_Figaro
noemi_lenner;lemondefr
DaboAbdou4;Mediavenir
DaboAbdou4;LEXPRESS
DaboAbdou4;Mediapart
DaboAbdou4;olivierveran
DaboAbdou4;Le_Figaro
DaboAbdou4;lemondefr
DaboAbdou4;FranceInsoumise
DaboAbdou4;JeanCASTEX
DaboAbdou4;France24_fr
DaboAbdou4;JLMelenchon
DaboAbdou4;BrunoLeMaire
DaboAbdou4;RFI
DaboAbdou4;BFMTV
DaboAbdou4;gouvernementFR
DaboAbdou4;EPhilippe_LH
DaboAbdou4;jmblanquer
DaboAbdou4;libe
DaboAbdou4;EmmanuelMacron
DaboAbdou4;le_Parisien
DaboAbdou4;E_DupondM
DaboAbdou4;GDarmanin
DaboAbdou4;LCI
DaboAbdou4;CCastaner
derlaros;Le_Figaro
TheoBal82634949;franceinfo
TheoBal82634949;gouvernementFR
TheoBal82634949;Mediavenir
TheoBal82634949;Le_Figaro
TheoBal82634949;lemondefr
TheoBal82634949;afpfr
bswpv;Le_Figaro
bswpv;le_Parisien
kathelama;Le_Figaro
kathelama;MLP_officiel
kathelama;gouvernementFR
kathelama;lemondefr
kathelama;ParisMatch
kathelama;lequipe
kathelama;Anne_Hidalgo
kathelama;Lagarde
kathelama;EmmanuelMacron
Mm41818430;afpfr
Mm41818430;Le_Figaro
Mm41818430;lemondefr
Mm41818430;Mediavenir
bidouillon;Le_Figaro
bidouillon;NRJhitmusiconly
bidouillon;20Minutes
bidouillon;lemondefr
bidouillon;France2tv
bidouillon;Francetele
bidouillon;TF1
bidouillon;C8TV